,indicator,classif1,classif2,sex,slope,intercept,r_value,p_value,std_err
0,POP_XWAP_SEX_AGE_NB,AGE_10YRBANDS_TOTAL,0,SEX_T,-29.159137467049163,3.4188065568359924,-0.12536852134229176,0.052413665634788206,14.957452233550018
1,POP_XWAP_SEX_AGE_NB,AGE_10YRBANDS_TOTAL,0,SEX_M,6.7388580405360585,0.8396754720616981,0.025601492110470678,0.6931302717965813,17.056510213091908
2,POP_XWAP_SEX_AGE_NB,AGE_10YRBANDS_TOTAL,0,SEX_F,-47.00762014921949,4.627700453628824,-0.22827875349267696,0.00036357133723202706,12.99549995698878
3,POP_XWAP_SEX_AGE_NB,AGE_10YRBANDS_Y15-24,0,SEX_T,72.04252466703286,-4.335690725812156,0.8258464092398966,3.8076830722415824e-61,3.1885960081868334
4,POP_XWAP_SEX_AGE_NB,AGE_10YRBANDS_Y15-24,0,SEX_M,67.1566437105449,-4.0079936100432425,0.8217147916754376,4.75878573334205e-60,3.0190982658715138
5,POP_XWAP_SEX_AGE_NB,AGE_10YRBANDS_Y15-24,0,SEX_F,76.94623929844424,-4.655940036721786,0.8270355608380441,1.8180009152717003e-61,3.390210372178138
6,POP_XWAP_SEX_AGE_NB,AGE_10YRBANDS_Y25-34,0,SEX_T,-64.0412210266309,5.925010996646935,-0.7048031357444946,2.37598750941213e-37,4.178267927224608
7,POP_XWAP_SEX_AGE_NB,AGE_10YRBANDS_Y25-34,0,SEX_M,-66.20941545835146,6.1042047608808465,-0.6802815788111153,5.837784107755739e-34,4.623995759139484
8,POP_XWAP_SEX_AGE_NB,AGE_10YRBANDS_Y25-34,0,SEX_F,-60.85987391511198,5.6757599319955006,-0.7193034172177816,1.5914020632960127e-39,3.810002601235853
9,POP_XWAP_SEX_AGE_NB,AGE_10YRBANDS_Y35-44,0,SEX_T,-5.303237732966778,1.6937173346014118,-0.07661873826526358,0.23700164568675525,4.473414255479986
10,POP_XWAP_SEX_AGE_NB,AGE_10YRBANDS_Y35-44,0,SEX_M,-2.923915463025485,1.533257654547409,-0.04030825984902908,0.5343066582184874,4.698174958662965
11,POP_XWAP_SEX_AGE_NB,AGE_10YRBANDS_Y35-44,0,SEX_F,-7.160999884548669,1.8163967527193323,-0.10843098210722314,0.09374201444880133,4.255627524459796
12,POP_XWAP_SEX_AGE_NB,AGE_10YRBANDS_Y45-54,0,SEX_T,66.02145225404294,-3.2271959069165685,0.6222335656096527,4.069081188356058e-27,5.38408037856474
13,POP_XWAP_SEX_AGE_NB,AGE_10YRBANDS_Y45-54,0,SEX_M,48.246511356414466,-2.089430931693408,0.6237367015036646,2.82023585377172e-27,3.9190415735216533
14,POP_XWAP_SEX_AGE_NB,AGE_10YRBANDS_Y45-54,0,SEX_F,96.65784928412866,-5.171440253911204,0.6033963366455536,3.41824017217205e-25,8.28027544707574
15,POP_XWAP_SEX_AGE_NB,AGE_10YRBANDS_Y55-64,0,SEX_T,-123.8449221105491,10.243772618605584,-0.44241736622975864,6.350984036693362e-13,16.272626282353546
16,POP_XWAP_SEX_AGE_NB,AGE_10YRBANDS_Y55-64,0,SEX_M,-40.84409939296117,4.419466968821482,-0.22900040189182064,0.0003478465570184526,11.25402018091916
17,POP_XWAP_SEX_AGE_NB,AGE_10YRBANDS_Y55-64,0,SEX_F,-276.18097740038627,20.288428593527357,-0.6986827987873002,1.7957568513875337e-36,18.331303143781636
18,POP_XWAP_SEX_AGE_NB,AGE_10YRBANDS_YGE65,0,SEX_T,-43.96420813101417,4.482457833654964,-0.5613799405614086,2.4896810936030333e-21,4.200997556742832
19,POP_XWAP_SEX_AGE_NB,AGE_10YRBANDS_YGE65,0,SEX_M,-36.356210939616055,4.060415713098679,-0.5526364444533313,1.3572118291335925e-20,3.5539867389283257
20,POP_XWAP_SEX_AGE_NB,AGE_10YRBANDS_YGE65,0,SEX_F,-52.73330879213395,4.979649395394849,-0.5717042790085649,3.1477996427279164e-22,4.905489907561222
21,POP_XWAP_SEX_AGE_NB,AGE_AGGREGATE_TOTAL,0,SEX_T,-29.159137467049163,3.4188065568359924,-0.12536852134229176,0.052413665634788206,14.957452233550018
22,POP_XWAP_SEX_AGE_NB,AGE_AGGREGATE_TOTAL,0,SEX_M,6.7388580405360585,0.8396754720616981,0.025601492110470678,0.6931302717965813,17.056510213091908
23,POP_XWAP_SEX_AGE_NB,AGE_AGGREGATE_TOTAL,0,SEX_F,-47.00762014921949,4.627700453628824,-0.22827875349267696,0.00036357133723202706,12.99549995698878
24,POP_XWAP_SEX_AGE_NB,AGE_AGGREGATE_Y15-24,0,SEX_T,72.04252466703286,-4.335690725812156,0.8258464092398966,3.8076830722415824e-61,3.1885960081868334
25,POP_XWAP_SEX_AGE_NB,AGE_AGGREGATE_Y15-24,0,SEX_M,67.1566437105449,-4.0079936100432425,0.8217147916754376,4.75878573334205e-60,3.0190982658715138
26,POP_XWAP_SEX_AGE_NB,AGE_AGGREGATE_Y15-24,0,SEX_F,76.94623929844424,-4.655940036721786,0.8270355608380441,1.8180009152717003e-61,3.390210372178138
27,POP_XWAP_SEX_AGE_NB,AGE_AGGREGATE_Y25-54,0,SEX_T,-43.37314534221468,4.342380013470266,-0.25128428289407995,8.288762161791297e-05,10.82937974885649
28,POP_XWAP_SEX_AGE_NB,AGE_AGGREGATE_Y25-54,0,SEX_M,-23.5278356142647,2.9856531411037777,-0.11249901701133735,0.08199016316454798,13.470354035655921
29,POP_XWAP_SEX_AGE_NB,AGE_AGGREGATE_Y25-54,0,SEX_F,-48.35839530045514,4.647685502648826,-0.3363830800698312,9.271241812877532e-08,8.775532300918373
30,POP_XWAP_SEX_AGE_NB,AGE_AGGREGATE_Y55-64,0,SEX_T,-123.8449221105491,10.243772618605584,-0.44241736622975864,6.350984036693362e-13,16.272626282353546
31,POP_XWAP_SEX_AGE_NB,AGE_AGGREGATE_Y55-64,0,SEX_M,-40.84409939296117,4.419466968821482,-0.22900040189182064,0.0003478465570184526,11.25402018091916
32,POP_XWAP_SEX_AGE_NB,AGE_AGGREGATE_Y55-64,0,SEX_F,-276.18097740038627,20.288428593527357,-0.6986827987873002,1.7957568513875337e-36,18.331303143781636
33,POP_XWAP_SEX_AGE_NB,AGE_AGGREGATE_YGE65,0,SEX_T,-43.96420813101417,4.482457833654964,-0.5613799405614086,2.4896810936030333e-21,4.200997556742832
34,POP_XWAP_SEX_AGE_NB,AGE_AGGREGATE_YGE65,0,SEX_M,-36.356210939616055,4.060415713098679,-0.5526364444533313,1.3572118291335925e-20,3.5539867389283257
35,POP_XWAP_SEX_AGE_NB,AGE_AGGREGATE_YGE65,0,SEX_F,-52.73330879213395,4.979649395394849,-0.5717042790085649,3.1477996427279164e-22,4.905489907561222
36,POP_XWAP_SEX_AGE_NB,AGE_YTHADULT_YGE15,0,SEX_T,-29.159137467049163,3.4188065568359924,-0.12536852134229176,0.052413665634788206,14.957452233550018
37,POP_XWAP_SEX_AGE_NB,AGE_YTHADULT_YGE15,0,SEX_M,6.7388580405360585,0.8396754720616981,0.025601492110470678,0.6931302717965813,17.056510213091908
38,POP_XWAP_SEX_AGE_NB,AGE_YTHADULT_YGE15,0,SEX_F,-47.00762014921949,4.627700453628824,-0.22827875349267696,0.00036357133723202706,12.99549995698878
39,POP_XWAP_SEX_AGE_NB,AGE_YTHADULT_Y15-64,0,SEX_T,55.1789311129448,-2.614743885201797,0.19449886350986567,0.002474956952594725,18.038220274772264
40,POP_XWAP_SEX_AGE_NB,AGE_YTHADULT_Y15-64,0,SEX_M,126.74784092686981,-7.895593483961324,0.42570158232485117,5.534117857645181e-12,17.463446288962018
41,POP_XWAP_SEX_AGE_NB,AGE_YTHADULT_Y15-64,0,SEX_F,-1.5352063531877886,1.4403406412427167,-0.006213797571526539,0.9237095325190811,16.014478285840678
42,POP_XWAP_SEX_AGE_NB,AGE_YTHADULT_Y15-24,0,SEX_T,72.04252466703286,-4.335690725812156,0.8258464092398966,3.8076830722415824e-61,3.1885960081868334
43,POP_XWAP_SEX_AGE_NB,AGE_YTHADULT_Y15-24,0,SEX_M,67.1566437105449,-4.0079936100432425,0.8217147916754376,4.75878573334205e-60,3.0190982658715138
44,POP_XWAP_SEX_AGE_NB,AGE_YTHADULT_Y15-24,0,SEX_F,76.94623929844424,-4.655940036721786,0.8270355608380441,1.8180009152717003e-61,3.390210372178138
45,POP_XWAP_SEX_AGE_NB,AGE_YTHADULT_YGE25,0,SEX_T,-77.77324005083442,6.788423473610857,-0.4515560769721238,1.8477470923750533e-13,9.961231787172803
46,POP_XWAP_SEX_AGE_NB,AGE_YTHADULT_YGE25,0,SEX_M,-83.96367795434541,7.3604113209387485,-0.41751113154665936,1.5318570257053597e-11,11.84518835079191
47,POP_XWAP_SEX_AGE_NB,AGE_YTHADULT_YGE25,0,SEX_F,-72.00895215788296,6.2764954276495,-0.47233108555728937,9.694628433709671e-15,8.71033743739167
48,EAP_TEAP_SEX_AGE_NB,AGE_10YRBANDS_TOTAL,0,SEX_T,-8.645701541709927,1.9267656987734223,-0.08763337789444996,0.1760150041209365,6.370421468147149
49,EAP_TEAP_SEX_AGE_NB,AGE_10YRBANDS_TOTAL,0,SEX_M,16.05251986810866,0.18117695432199232,0.12565050579313455,0.05188118836404154,8.215515387907239
50,EAP_TEAP_SEX_AGE_NB,AGE_10YRBANDS_TOTAL,0,SEX_F,-16.68527649150182,2.421625476960243,-0.2339573811891937,0.00025577757834725225,4.494534557881194
51,EAP_TEAP_SEX_AGE_NB,AGE_10YRBANDS_Y15-24,0,SEX_T,6.204677969112726,0.7866863979721259,0.1734586475856588,0.007067866956107883,2.283499914016596
52,EAP_TEAP_SEX_AGE_NB,AGE_10YRBANDS_Y15-24,0,SEX_M,5.6958046600851535,0.8347675132988958,0.16591404833969986,0.010030386397815599,2.1944319540947435
53,EAP_TEAP_SEX_AGE_NB,AGE_10YRBANDS_Y15-24,0,SEX_F,6.709426709224503,0.7378731041790249,0.181491411817876,0.004795864153634811,2.3565017169524007
54,EAP_TEAP_SEX_AGE_NB,AGE_10YRBANDS_Y25-34,0,SEX_T,-46.04751893442425,4.5368357930217265,-0.6277062335121639,1.0608449043837965e-27,3.701623219936737
55,EAP_TEAP_SEX_AGE_NB,AGE_10YRBANDS_Y25-34,0,SEX_M,-54.935178929746556,5.286196801948163,-0.5684495625843256,6.088968558407097e-22,5.153724364057445
56,EAP_TEAP_SEX_AGE_NB,AGE_10YRBANDS_Y25-34,0,SEX_F,-33.500350198209304,3.5673919052581766,-0.6315650614416479,4.0452990984955215e-28,2.665786559480394
57,EAP_TEAP_SEX_AGE_NB,AGE_10YRBANDS_Y35-44,0,SEX_T,-2.9149086650791687,1.525342839873579,-0.050715405260961126,0.4341668576937898,3.720808673868613
58,EAP_TEAP_SEX_AGE_NB,AGE_10YRBANDS_Y35-44,0,SEX_M,2.519688731836524,1.1604056004779792,0.03494624948414134,0.5900779563272924,4.670813117245623
59,EAP_TEAP_SEX_AGE_NB,AGE_10YRBANDS_Y35-44,0,SEX_F,-5.30062830227873,1.670399908250167,-0.115766358654923,0.07343706738444894,2.9479943573737275
60,EAP_TEAP_SEX_AGE_NB,AGE_10YRBANDS_Y45-54,0,SEX_T,106.12456767900919,-5.797313248104621,0.6047562044771431,2.5069859999601226e-25,9.059081883109917
61,EAP_TEAP_SEX_AGE_NB,AGE_10YRBANDS_Y45-54,0,SEX_M,59.31990668116044,-2.8524634636896007,0.6680646119416606,2.162044035318445e-32,4.282789462974484
62,EAP_TEAP_SEX_AGE_NB,AGE_10YRBANDS_Y45-54,0,SEX_F,-16.107081946663666,2.3530043030775376,-0.16178173203034873,0.012080571786951594,6.368537955095455
63,EAP_TEAP_SEX_AGE_NB,AGE_10YRBANDS_Y55-64,0,SEX_T,-24.008815763667315,2.7726050776599136,-0.35125780187649186,2.238592350791683e-08,4.148216956904788
64,EAP_TEAP_SEX_AGE_NB,AGE_10YRBANDS_Y55-64,0,SEX_M,-2.757180633251822,1.5260211077711676,-0.018079218721102082,0.7805191470684754,9.883848820132993
65,EAP_TEAP_SEX_AGE_NB,AGE_10YRBANDS_Y55-64,0,SEX_F,-15.41331569523586,2.0682016801846714,-0.44904497802125654,2.6036099803758784e-13,1.988001727747584
66,EAP_TEAP_SEX_AGE_NB,AGE_10YRBANDS_YGE65,0,SEX_T,-11.908327518582638,1.7501385295443137,-0.24198881723821702,0.0001532635000895027,3.0950213157143325
67,EAP_TEAP_SEX_AGE_NB,AGE_10YRBANDS_YGE65,0,SEX_M,-9.210416574910653,1.7357963480131322,-0.21229132839567047,0.0009348434957592561,2.7481779619704576
68,EAP_TEAP_SEX_AGE_NB,AGE_10YRBANDS_YGE65,0,SEX_F,-14.12075374433356,1.6663043045024062,-0.27121915938831914,2.0452737106302838e-05,3.248311902138823
69,EAP_TEAP_SEX_AGE_NB,AGE_AGGREGATE_TOTAL,0,SEX_T,-8.645701541709927,1.9267656987734223,-0.08763337789444996,0.1760150041209365,6.370421468147149
70,EAP_TEAP_SEX_AGE_NB,AGE_AGGREGATE_TOTAL,0,SEX_M,16.05251986810866,0.18117695432199232,0.12565050579313455,0.05188118836404154,8.215515387907239
71,EAP_TEAP_SEX_AGE_NB,AGE_AGGREGATE_TOTAL,0,SEX_F,-16.68527649150182,2.421625476960243,-0.2339573811891937,0.00025577757834725225,4.494534557881194
72,EAP_TEAP_SEX_AGE_NB,AGE_AGGREGATE_Y15-24,0,SEX_T,6.204677969112726,0.7866863979721259,0.1734586475856588,0.007067866956107883,2.283499914016596
73,EAP_TEAP_SEX_AGE_NB,AGE_AGGREGATE_Y15-24,0,SEX_M,5.6958046600851535,0.8347675132988958,0.16591404833969986,0.010030386397815599,2.1944319540947435
74,EAP_TEAP_SEX_AGE_NB,AGE_AGGREGATE_Y15-24,0,SEX_F,6.709426546057032,0.7378731183614102,0.18149140915333153,0.004795864783061119,2.35650169541941
75,EAP_TEAP_SEX_AGE_NB,AGE_AGGREGATE_Y25-54,0,SEX_T,-22.691070010718338,2.8628814489995102,-0.2309681421368827,0.00030812274097872237,6.195979733904608
76,EAP_TEAP_SEX_AGE_NB,AGE_AGGREGATE_Y25-54,0,SEX_M,1.1335915279649118,1.2530628033437892,0.007039472127429117,0.9136093793920674,10.437999181324287
77,EAP_TEAP_SEX_AGE_NB,AGE_AGGREGATE_Y25-54,0,SEX_F,-20.896429206094897,2.6794850895112114,-0.3337032410357331,1.1883055893009963e-07,3.8263670707877644
78,EAP_TEAP_SEX_AGE_NB,AGE_AGGREGATE_Y55-64,0,SEX_T,-24.008815763667315,2.7726050776599136,-0.35125780187649186,2.238592350791683e-08,4.148216956904788
79,EAP_TEAP_SEX_AGE_NB,AGE_AGGREGATE_Y55-64,0,SEX_M,-2.757180633251822,1.5260211077711676,-0.018079218721102082,0.7805191470684754,9.883848820132993
80,EAP_TEAP_SEX_AGE_NB,AGE_AGGREGATE_Y55-64,0,SEX_F,-15.41331569523586,2.0682016801846714,-0.44904497802125654,2.6036099803758784e-13,1.988001727747584
81,EAP_TEAP_SEX_AGE_NB,AGE_AGGREGATE_YGE65,0,SEX_T,-11.908327518582638,1.7501385295443137,-0.24198881723821702,0.0001532635000895027,3.0950213157143325
82,EAP_TEAP_SEX_AGE_NB,AGE_AGGREGATE_YGE65,0,SEX_M,-9.210416574910653,1.7357963480131322,-0.21229132839567047,0.0009348434957592561,2.7481779619704576
83,EAP_TEAP_SEX_AGE_NB,AGE_AGGREGATE_YGE65,0,SEX_F,-14.12075374433356,1.6663043045024062,-0.27121915938831914,2.0452737106302838e-05,3.248311902138823
84,EAP_TEAP_SEX_AGE_NB,AGE_YTHADULT_YGE15,0,SEX_T,-8.645701303624012,1.9267656824052533,-0.08763337578533781,0.17601501456328275,6.370421447224414
85,EAP_TEAP_SEX_AGE_NB,AGE_YTHADULT_YGE15,0,SEX_M,16.052520826239515,0.1811768855099709,0.12565051307881986,0.05188117466464238,8.21551539426102
86,EAP_TEAP_SEX_AGE_NB,AGE_YTHADULT_YGE15,0,SEX_F,-16.68527649150182,2.421625476960243,-0.2339573811891937,0.00025577757834725225,4.494534557881194
87,EAP_TEAP_SEX_AGE_NB,AGE_YTHADULT_Y15-64,0,SEX_T,-8.671930624686532,1.9382379679294797,-0.09085441590181141,0.16059728837544782,6.161428165066471
88,EAP_TEAP_SEX_AGE_NB,AGE_YTHADULT_Y15-64,0,SEX_M,16.09403199073781,0.1626229256268883,0.12627505154505395,0.05071784264512071,8.19536739666834
89,EAP_TEAP_SEX_AGE_NB,AGE_YTHADULT_Y15-64,0,SEX_F,-15.630094320105078,2.373042846095759,-0.23115960724641882,0.0003044917550602314,4.2641890196170165
90,EAP_TEAP_SEX_AGE_NB,AGE_YTHADULT_Y15-24,0,SEX_T,6.204677969112726,0.7866863979721259,0.1734586475856588,0.007067866956107883,2.283499914016596
91,EAP_TEAP_SEX_AGE_NB,AGE_YTHADULT_Y15-24,0,SEX_M,5.6958046600851535,0.8347675132988958,0.16591404833969986,0.010030386397815599,2.1944319540947435
92,EAP_TEAP_SEX_AGE_NB,AGE_YTHADULT_Y15-24,0,SEX_F,6.709426546057032,0.7378731183614102,0.18149140915333153,0.004795864783061119,2.35650169541941
93,EAP_TEAP_SEX_AGE_NB,AGE_YTHADULT_YGE25,0,SEX_T,-24.802126580154678,2.951285676644121,-0.24337191909007683,0.00014007771677534758,6.4072508809758215
94,EAP_TEAP_SEX_AGE_NB,AGE_YTHADULT_YGE25,0,SEX_M,-0.48963673785102185,1.366191765191676,-0.00295506317420295,0.9636763091661932,10.740310855866198
95,EAP_TEAP_SEX_AGE_NB,AGE_YTHADULT_YGE25,0,SEX_F,-23.232961303201666,2.7470632802882067,-0.3560202983103979,1.3979833149572644e-08,3.952851647329114
96,EAP_TEA1_SEX_AGE_NB,AGE_AGGREGATE_TOTAL,0,SEX_T,-9.493118593425558,1.9850221911381376,-0.09288965313216745,0.15139231339600792,6.59585810499027
97,EAP_TEA1_SEX_AGE_NB,AGE_AGGREGATE_TOTAL,0,SEX_M,18.78571015951191,-0.014628994393679928,0.1346449803641544,0.037112683916706114,8.96140547612673
98,EAP_TEA1_SEX_AGE_NB,AGE_AGGREGATE_TOTAL,0,SEX_F,-17.361471026970094,2.465965165209902,-0.2395563521674907,0.00017930935830328228,4.5609677980135235
99,EAP_TEA1_SEX_AGE_NB,AGE_AGGREGATE_Y15-24,0,SEX_T,11.908050291955329,0.2873762530657469,0.23028895321959622,0.0003213304801593731,3.2617186581716573
100,EAP_TEA1_SEX_AGE_NB,AGE_AGGREGATE_Y15-24,0,SEX_M,11.20995520582787,0.35546408668672,0.22197199183185992,0.0005319337297421189,3.19187195671551
101,EAP_TEA1_SEX_AGE_NB,AGE_AGGREGATE_Y15-24,0,SEX_F,12.163246432826574,0.25666929546340467,0.23537831927478406,0.00023391636540432258,3.255501213773373
102,EAP_TEA1_SEX_AGE_NB,AGE_AGGREGATE_Y25-54,0,SEX_T,-23.23589703993633,2.8997915928964,-0.23352347170297813,0.00026282366267593016,6.271386478094851
103,EAP_TEA1_SEX_AGE_NB,AGE_AGGREGATE_Y25-54,0,SEX_M,0.7586230039843852,1.279306738005969,0.004678849377214048,0.9425172439935724,10.509782080187783
104,EAP_TEA1_SEX_AGE_NB,AGE_AGGREGATE_Y25-54,0,SEX_F,-21.519423916038367,2.7198451751264536,-0.33786774366706723,8.071955390041552e-08,3.885745878286193
105,EAP_TEA1_SEX_AGE_NB,AGE_AGGREGATE_Y55-64,0,SEX_T,-24.90426336926471,2.826485133000641,-0.3577957577162371,1.1705953368676549e-08,4.213120142541471
106,EAP_TEA1_SEX_AGE_NB,AGE_AGGREGATE_Y55-64,0,SEX_M,-3.545749254837191,1.5814290516525462,-0.02210766789414507,0.7332962539605452,10.393706607361667
107,EAP_TEA1_SEX_AGE_NB,AGE_AGGREGATE_Y55-64,0,SEX_F,-15.61133273390428,2.0777057141512985,-0.4516321178009107,1.8285778881198168e-13,1.9990836717673168
108,EAP_TEA1_SEX_AGE_NB,AGE_AGGREGATE_YGE65,0,SEX_T,-9.922832472809757,1.6774437575479506,-0.21187729831025703,0.0009571430453930368,2.96680497032263
109,EAP_TEA1_SEX_AGE_NB,AGE_AGGREGATE_YGE65,0,SEX_M,-6.853141545912348,1.629046538125682,-0.16329784338861633,0.011289065491413676,2.683809462808479
110,EAP_TEA1_SEX_AGE_NB,AGE_AGGREGATE_YGE65,0,SEX_F,-11.484321032559425,1.6036698979714261,-0.25322499610390875,7.268616782614095e-05,2.8439351123289436
111,EAP_TEA1_SEX_AGE_NB,AGE_YTHADULT_YGE15,0,SEX_T,-9.493130412290176,1.9850230067473191,-0.09288975560483653,0.15139186020713316,6.595858977131448
112,EAP_TEA1_SEX_AGE_NB,AGE_YTHADULT_YGE15,0,SEX_M,18.78571010177858,-0.014628993403070334,0.13464494633053137,0.037112732232570354,8.961407755545356
113,EAP_TEA1_SEX_AGE_NB,AGE_YTHADULT_YGE15,0,SEX_F,-17.36146786168358,2.4659649615574963,-0.23955630911939607,0.0001793098538192216,4.560967835973512
114,EAP_TEA1_SEX_AGE_NB,AGE_YTHADULT_Y15-64,0,SEX_T,-9.598305282725663,2.0028955939540958,-0.09696497264399691,0.13416859058359232,6.386161237853681
115,EAP_TEA1_SEX_AGE_NB,AGE_YTHADULT_Y15-64,0,SEX_M,19.10264608048652,-0.05576088208079755,0.13563167088259648,0.03573411233909665,9.045073696899752
116,EAP_TEA1_SEX_AGE_NB,AGE_YTHADULT_Y15-64,0,SEX_F,-16.23229105016243,2.4131767278752,-0.23659156802820847,0.00021664252425990737,4.320994332492591
117,EAP_TEA1_SEX_AGE_NB,AGE_YTHADULT_Y15-24,0,SEX_T,11.908050291955329,0.2873762530657469,0.23028895321959622,0.0003213304801593731,3.2617186581716573
118,EAP_TEA1_SEX_AGE_NB,AGE_YTHADULT_Y15-24,0,SEX_M,11.20995520582787,0.35546408668672,0.22197199183185992,0.0005319337297421189,3.19187195671551
119,EAP_TEA1_SEX_AGE_NB,AGE_YTHADULT_Y15-24,0,SEX_F,12.163246432826574,0.25666929546340467,0.23537831927478406,0.00023391636540432258,3.255501213773373
120,EAP_TEA1_SEX_AGE_NB,AGE_YTHADULT_YGE25,0,SEX_T,-25.475483929700072,2.9951529311686507,-0.24542633259580626,0.00012243849046779972,6.52262860848873
121,EAP_TEA1_SEX_AGE_NB,AGE_YTHADULT_YGE25,0,SEX_M,0.34774179697512964,1.3084254233507815,0.0020697230390064464,0.974554475200279,10.890686366739658
122,EAP_TEA1_SEX_AGE_NB,AGE_YTHADULT_YGE25,0,SEX_F,-24.063977032714163,2.7978828081136387,-0.36185097003458305,7.772062165654751e-09,4.01860234779095
123,EAP_DWAP_SEX_AGE_RT,AGE_10YRBANDS_TOTAL,0,SEX_T,-0.7052337086677317,2.0097516485966453,-0.06334358439961378,0.32848352397555136,0.7202261946047246
124,EAP_DWAP_SEX_AGE_RT,AGE_10YRBANDS_TOTAL,0,SEX_M,2.7363573659433897,-1.3509982869185844,0.18086239749328575,0.004946538250076695,0.9645264268461676
125,EAP_DWAP_SEX_AGE_RT,AGE_10YRBANDS_TOTAL,0,SEX_F,-1.6749053139416152,2.891141105161547,-0.2351763328287102,0.000236913957203804,0.448697146850726
126,EAP_DWAP_SEX_AGE_RT,AGE_10YRBANDS_Y15-24,0,SEX_T,-0.5820492732888372,1.9834578480815197,-0.2002233954490094,0.0018252806269732661,0.18461706514921622
127,EAP_DWAP_SEX_AGE_RT,AGE_10YRBANDS_Y15-24,0,SEX_M,-0.5911466701881123,1.982309744099658,-0.20863246185500853,0.0011496093625990287,0.17962266243823158
128,EAP_DWAP_SEX_AGE_RT,AGE_10YRBANDS_Y15-24,0,SEX_F,-0.5532955730127073,1.9627244662383903,-0.187436169033196,0.0035630111200195746,0.18795297217585538
129,EAP_DWAP_SEX_AGE_RT,AGE_10YRBANDS_Y25-34,0,SEX_T,-3.3211937950939863,4.554108804180322,-0.2283992464531978,0.00036090066674266704,0.917650202635765
130,EAP_DWAP_SEX_AGE_RT,AGE_10YRBANDS_Y25-34,0,SEX_M,10.489552579389223,-9.143228614981709,0.4015284447600707,1.033546056440674e-10,1.5508681752323408
131,EAP_DWAP_SEX_AGE_RT,AGE_10YRBANDS_Y25-34,0,SEX_F,-3.051569273284164,4.1818678700905645,-0.42442174816428835,6.500255566316866e-12,0.4219962684932037
132,EAP_DWAP_SEX_AGE_RT,AGE_10YRBANDS_Y35-44,0,SEX_T,0.8021898975403604,0.5536341050997031,0.04534519560945592,0.4844414706805773,1.145540571536692
133,EAP_DWAP_SEX_AGE_RT,AGE_10YRBANDS_Y35-44,0,SEX_M,17.683347740632765,-16.241350874817137,0.5207868972133666,4.3737042586921154e-18,1.8789467962864
134,EAP_DWAP_SEX_AGE_RT,AGE_10YRBANDS_Y35-44,0,SEX_F,-1.0943457730917627,2.3630806352553884,-0.1307791442327407,0.04295516663272913,0.5377514115729786
135,EAP_DWAP_SEX_AGE_RT,AGE_10YRBANDS_Y45-54,0,SEX_T,-2.623258030812845,3.8864603561270394,-0.28833025022183095,5.6183516433768995e-06,0.5646966077560208
136,EAP_DWAP_SEX_AGE_RT,AGE_10YRBANDS_Y45-54,0,SEX_M,-2.604875783741389,3.9244258864608197,-0.13043125444571702,0.043516888895106874,1.2834853258381849
137,EAP_DWAP_SEX_AGE_RT,AGE_10YRBANDS_Y45-54,0,SEX_F,-1.8167941257549356,3.045145902427496,-0.37065297159689237,3.132047432798711e-09,0.2950927917795679
138,EAP_DWAP_SEX_AGE_RT,AGE_10YRBANDS_Y55-64,0,SEX_T,-1.003140310997634,2.1692492733880395,-0.23157198932791903,0.0002968060630980431,0.27316098674894734
139,EAP_DWAP_SEX_AGE_RT,AGE_10YRBANDS_Y55-64,0,SEX_M,0.6955564815785497,0.6857205702670037,0.09891217607080717,0.12649012036276186,0.45358556009587764
140,EAP_DWAP_SEX_AGE_RT,AGE_10YRBANDS_Y55-64,0,SEX_F,-0.96856101701212,2.0060000665066533,-0.411419301906965,3.209416972177315e-11,0.13908646778562575
141,EAP_DWAP_SEX_AGE_RT,AGE_10YRBANDS_YGE65,0,SEX_T,-0.5875512423228857,1.6188882193724647,-0.12148752735773831,0.06021485769190164,0.31116931746507137
142,EAP_DWAP_SEX_AGE_RT,AGE_10YRBANDS_YGE65,0,SEX_M,-0.12063857344240855,1.4025737142896466,-0.025239565806640354,0.6972537670594958,0.3097258548878055
143,EAP_DWAP_SEX_AGE_RT,AGE_10YRBANDS_YGE65,0,SEX_F,-0.9708471998148156,1.6622886178670424,-0.2218817476969996,0.0005347974882823056,0.27655289928218263
144,EAP_DWAP_SEX_AGE_RT,AGE_AGGREGATE_TOTAL,0,SEX_T,-0.7052337086677317,2.0097516485966453,-0.06334358439961378,0.32848352397555136,0.7202261946047246
145,EAP_DWAP_SEX_AGE_RT,AGE_AGGREGATE_TOTAL,0,SEX_M,2.7363573659433897,-1.3509982869185844,0.18086239749328575,0.004946538250076695,0.9645264268461676
146,EAP_DWAP_SEX_AGE_RT,AGE_AGGREGATE_TOTAL,0,SEX_F,-1.6749053139416152,2.891141105161547,-0.2351763328287102,0.000236913957203804,0.448697146850726
147,EAP_DWAP_SEX_AGE_RT,AGE_AGGREGATE_Y15-24,0,SEX_T,-0.5820492732888372,1.9834578480815197,-0.2002233954490094,0.0018252806269732661,0.18461706514921622
148,EAP_DWAP_SEX_AGE_RT,AGE_AGGREGATE_Y15-24,0,SEX_M,-0.5911466701881123,1.982309744099658,-0.20863246185500853,0.0011496093625990287,0.17962266243823158
149,EAP_DWAP_SEX_AGE_RT,AGE_AGGREGATE_Y15-24,0,SEX_F,-0.5532955730127073,1.9627244662383903,-0.187436169033196,0.0035630111200195746,0.18795297217585538
150,EAP_DWAP_SEX_AGE_RT,AGE_AGGREGATE_Y25-54,0,SEX_T,-2.501564837737349,3.762893319105678,-0.1879875520770282,0.003464624023843128,0.8471912879816663
151,EAP_DWAP_SEX_AGE_RT,AGE_AGGREGATE_Y25-54,0,SEX_M,8.600864081537324,-7.2346816204699955,0.2647047499966502,3.271257280126252e-05,2.0310346216260844
152,EAP_DWAP_SEX_AGE_RT,AGE_AGGREGATE_Y25-54,0,SEX_F,-2.1780853754187706,3.37860103614455,-0.321589786142192,3.544109147742988e-07,0.4156987315298427
153,EAP_DWAP_SEX_AGE_RT,AGE_AGGREGATE_Y55-64,0,SEX_T,-1.003140310997634,2.1692492733880395,-0.23157198932791903,0.0002968060630980431,0.27316098674894734
154,EAP_DWAP_SEX_AGE_RT,AGE_AGGREGATE_Y55-64,0,SEX_M,0.6955564815785497,0.6857205702670037,0.09891217607080717,0.12649012036276186,0.45358556009587764
155,EAP_DWAP_SEX_AGE_RT,AGE_AGGREGATE_Y55-64,0,SEX_F,-0.96856101701212,2.0060000665066533,-0.411419301906965,3.209416972177315e-11,0.13908646778562575
156,EAP_DWAP_SEX_AGE_RT,AGE_AGGREGATE_YGE65,0,SEX_T,-0.5875512423228857,1.6188882193724647,-0.12148752735773831,0.06021485769190164,0.31116931746507137
157,EAP_DWAP_SEX_AGE_RT,AGE_AGGREGATE_YGE65,0,SEX_M,-0.12063857344240855,1.4025737142896466,-0.025239565806640354,0.6972537670594958,0.3097258548878055
158,EAP_DWAP_SEX_AGE_RT,AGE_AGGREGATE_YGE65,0,SEX_F,-0.9708471998148156,1.6622886178670424,-0.2218817476969996,0.0005347974882823056,0.27655289928218263
159,EAP_DWAP_SEX_AGE_RT,AGE_YTHADULT_YGE15,0,SEX_T,-0.7052337086677317,2.0097516485966453,-0.06334358439961378,0.32848352397555136,0.7202261946047246
160,EAP_DWAP_SEX_AGE_RT,AGE_YTHADULT_YGE15,0,SEX_M,2.7363573659433897,-1.3509982869185844,0.18086239749328575,0.004946538250076695,0.9645264268461676
161,EAP_DWAP_SEX_AGE_RT,AGE_YTHADULT_YGE15,0,SEX_F,-1.6749053139416152,2.891141105161547,-0.2351763328287102,0.000236913957203804,0.448697146850726
162,EAP_DWAP_SEX_AGE_RT,AGE_YTHADULT_Y15-64,0,SEX_T,-1.8772613637711166,3.1653179604344057,-0.20762066321283873,0.0012165298157370452,0.5733205753645672
163,EAP_DWAP_SEX_AGE_RT,AGE_YTHADULT_Y15-64,0,SEX_M,-0.9834131908677918,2.3140724986268966,-0.07701052493647197,0.23460532005264717,0.82528854120663
164,EAP_DWAP_SEX_AGE_RT,AGE_YTHADULT_Y15-64,0,SEX_F,-1.8023516306793517,3.03838381057022,-0.2975503744698043,2.7017989938922884e-06,0.37485236088121593
165,EAP_DWAP_SEX_AGE_RT,AGE_YTHADULT_Y15-24,0,SEX_T,-0.5820492732888372,1.9834578480815197,-0.2002233954490094,0.0018252806269732661,0.18461706514921622
166,EAP_DWAP_SEX_AGE_RT,AGE_YTHADULT_Y15-24,0,SEX_M,-0.5911466701881123,1.982309744099658,-0.20863246185500853,0.0011496093625990287,0.17962266243823158
167,EAP_DWAP_SEX_AGE_RT,AGE_YTHADULT_Y15-24,0,SEX_F,-0.5532955730127073,1.9627244662383903,-0.187436169033196,0.0035630111200195746,0.18795297217585538
168,EAP_DWAP_SEX_AGE_RT,AGE_YTHADULT_YGE25,0,SEX_T,0.019505565994329226,1.3142693798403533,0.001397960346746594,0.9828116645936598,0.9044296701479511
169,EAP_DWAP_SEX_AGE_RT,AGE_YTHADULT_YGE25,0,SEX_M,14.08688935942965,-12.204508326463912,0.6254123395411525,1.8697403491097588e-27,1.1392490864684075
170,EAP_DWAP_SEX_AGE_RT,AGE_YTHADULT_YGE25,0,SEX_F,-1.9911602073613368,3.0965549622022785,-0.2868052108901684,6.326107645706429e-06,0.431113055031855
171,EAP_DWA1_SEX_AGE_RT,AGE_AGGREGATE_TOTAL,0,SEX_T,-0.8607659556838801,2.1591711794524415,-0.07042651161606778,0.2771709430965969,0.7902795045394191
172,EAP_DWA1_SEX_AGE_RT,AGE_AGGREGATE_TOTAL,0,SEX_M,4.694696990271957,-3.2710978594637385,0.2355404695712173,0.00023153559549862835,1.255623077108974
173,EAP_DWA1_SEX_AGE_RT,AGE_AGGREGATE_TOTAL,0,SEX_F,-1.8139500867159475,3.0208061173890073,-0.2471636640872771,0.00010916839377729488,0.4609610605553738
174,EAP_DWA1_SEX_AGE_RT,AGE_AGGREGATE_Y15-24,0,SEX_T,-1.384537521934488,2.8776213616292488,-0.3196723294058335,4.195195513179998e-07,0.2660132863765809
175,EAP_DWA1_SEX_AGE_RT,AGE_AGGREGATE_Y15-24,0,SEX_M,-1.4846379078636953,2.9603827609074553,-0.34219539557480066,5.3679756196758134e-08,0.2642495352280012
176,EAP_DWA1_SEX_AGE_RT,AGE_AGGREGATE_Y15-24,0,SEX_F,-1.1934416534141956,2.689404097789705,-0.2838659006084812,7.936073013157528e-06,0.26131028029738845
177,EAP_DWA1_SEX_AGE_RT,AGE_AGGREGATE_Y25-54,0,SEX_T,-2.663216113388664,3.9202700344577313,-0.19219733766307928,0.0027907979126099458,0.8814491792052265
178,EAP_DWA1_SEX_AGE_RT,AGE_AGGREGATE_Y25-54,0,SEX_M,9.137212702712,-7.769681930979116,0.2707999535208364,2.1087995980375908e-05,2.1054193489844875
179,EAP_DWA1_SEX_AGE_RT,AGE_AGGREGATE_Y25-54,0,SEX_F,-2.3321774961261554,3.523769269273483,-0.3314291766221441,1.4641835397107557e-07,0.43034338221301954
180,EAP_DWA1_SEX_AGE_RT,AGE_AGGREGATE_Y55-64,0,SEX_T,-1.0305741195550429,2.192301072894356,-0.2346401840378554,0.0002450453103013257,0.2767523995462199
181,EAP_DWA1_SEX_AGE_RT,AGE_AGGREGATE_Y55-64,0,SEX_M,0.7276179856033761,0.655730495806151,0.10122094385505978,0.11783152049749003,0.4635624692520548
182,EAP_DWA1_SEX_AGE_RT,AGE_AGGREGATE_Y55-64,0,SEX_F,-0.980886031589808,2.0146550125902163,-0.41375863029798343,2.4201574254425862e-11,0.1398971514646759
183,EAP_DWA1_SEX_AGE_RT,AGE_YTHADULT_YGE15,0,SEX_T,-0.8607450010843901,2.159151025808735,-0.0704248486509053,0.2771823154585333,0.7902790195626881
184,EAP_DWA1_SEX_AGE_RT,AGE_YTHADULT_YGE15,0,SEX_M,4.694700070243361,-3.2711007462134685,0.2355399427796745,0.0002315432933914033,1.2556268740521348
185,EAP_DWA1_SEX_AGE_RT,AGE_YTHADULT_YGE15,0,SEX_F,-1.8139514676078963,3.0208073513745575,-0.24716403983789736,0.00010916567545134072,0.4609606650962809
186,EAP_DWA1_SEX_AGE_RT,AGE_YTHADULT_Y15-64,0,SEX_T,-2.169843692423635,3.450939006979098,-0.22512409887140314,0.0004403789959534474,0.6087291548532043
187,EAP_DWA1_SEX_AGE_RT,AGE_YTHADULT_Y15-64,0,SEX_M,-1.579715232588399,2.9091608962677324,-0.1004214006251958,0.1207761727783269,1.0145258668186807
188,EAP_DWA1_SEX_AGE_RT,AGE_YTHADULT_Y15-64,0,SEX_F,-1.9060360641036678,3.13661824517016,-0.3074316489270492,1.1980518440850021e-06,0.38241496418232257
189,EAP_DWA1_SEX_AGE_RT,AGE_YTHADULT_Y15-24,0,SEX_T,-1.384537521934488,2.8776213616292488,-0.3196723294058335,4.195195513179998e-07,0.2660132863765809
190,EAP_DWA1_SEX_AGE_RT,AGE_YTHADULT_Y15-24,0,SEX_M,-1.4846379078636953,2.9603827609074553,-0.34219539557480066,5.3679756196758134e-08,0.2642495352280012
191,EAP_DWA1_SEX_AGE_RT,AGE_YTHADULT_Y15-24,0,SEX_F,-1.1934416534141956,2.689404097789705,-0.2838659006084812,7.936073013157528e-06,0.26131028029738845
192,EMP_TEMP_SEX_AGE_NB,AGE_10YRBANDS_TOTAL,0,SEX_T,-10.451789937944557,2.042759848802589,-0.17103825050805666,0.007919669038189655,3.9026691437383065
193,EMP_TEMP_SEX_AGE_NB,AGE_10YRBANDS_TOTAL,0,SEX_M,-5.48385180056422,1.721424432804713,-0.08257259315412195,0.20241245517621437,4.290181605414488
194,EMP_TEMP_SEX_AGE_NB,AGE_10YRBANDS_TOTAL,0,SEX_F,-13.580188726275953,2.208583581861038,-0.2545596824002196,6.636844150787793e-05,3.344104257928937
195,EMP_TEMP_SEX_AGE_NB,AGE_10YRBANDS_Y15-24,0,SEX_T,0.5320010756512125,1.2861424687690397,0.01904276991578037,0.7691432563341287,1.8105693076346387
196,EMP_TEMP_SEX_AGE_NB,AGE_10YRBANDS_Y15-24,0,SEX_M,0.2570850630137904,1.3101096000648114,0.010446966435102768,0.8720909287591562,1.595050603838093
197,EMP_TEMP_SEX_AGE_NB,AGE_10YRBANDS_Y15-24,0,SEX_F,1.0672063132402376,1.2392756140089567,0.033405260707992955,0.6065851853163432,2.0696770755086598
198,EMP_TEMP_SEX_AGE_NB,AGE_10YRBANDS_Y25-34,0,SEX_T,-26.444917421609766,3.1606305014723333,-0.5174086617071822,7.793133004105819e-18,2.835052350147384
199,EMP_TEMP_SEX_AGE_NB,AGE_10YRBANDS_Y25-34,0,SEX_M,-24.720828833417478,3.096667187809819,-0.4376430358684436,1.1930489396589354e-12,3.2921991492703118
200,EMP_TEMP_SEX_AGE_NB,AGE_10YRBANDS_Y25-34,0,SEX_F,-24.965544291615036,2.9911258960289047,-0.5712440467092492,3.457144465356371e-22,2.3251864182969406
201,EMP_TEMP_SEX_AGE_NB,AGE_10YRBANDS_Y35-44,0,SEX_T,-3.4781141198055154,1.5615504612519158,-0.07844236648635393,0.2259928067882023,2.8652622801261596
202,EMP_TEMP_SEX_AGE_NB,AGE_10YRBANDS_Y35-44,0,SEX_M,-1.54925229681343,1.4378578733760055,-0.03126436548903254,0.6298524003723345,3.2104927564599253
203,EMP_TEMP_SEX_AGE_NB,AGE_10YRBANDS_Y35-44,0,SEX_F,-4.723255314403013,1.6315502059798617,-0.12127326105831836,0.06067203100945186,2.505939265573338
204,EMP_TEMP_SEX_AGE_NB,AGE_10YRBANDS_Y45-54,0,SEX_T,39.09750697096257,-1.278368880529192,0.3154265983190324,6.069240092621779e-07,7.624398636028756
205,EMP_TEMP_SEX_AGE_NB,AGE_10YRBANDS_Y45-54,0,SEX_M,70.16846401469172,-3.592132861095094,0.6847426107153322,1.493836240064811e-34,4.840893793490888
206,EMP_TEMP_SEX_AGE_NB,AGE_10YRBANDS_Y45-54,0,SEX_F,-13.593800232479762,2.187897048411422,-0.18585182247130663,0.003859929960205263,4.6585688775946155
207,EMP_TEMP_SEX_AGE_NB,AGE_10YRBANDS_Y55-64,0,SEX_T,-18.582226180613766,2.4295524733085427,-0.38356518406911466,7.851586701311444e-10,2.9001033563387546
208,EMP_TEMP_SEX_AGE_NB,AGE_10YRBANDS_Y55-64,0,SEX_M,-24.44325027438704,3.0061487183154876,-0.3399255742623945,6.653818949161583e-08,4.383524391960276
209,EMP_TEMP_SEX_AGE_NB,AGE_10YRBANDS_Y55-64,0,SEX_F,-13.348151691128722,1.9712665036305812,-0.42086948212892966,1.012410891720492e-11,1.8648784831855383
210,EMP_TEMP_SEX_AGE_NB,AGE_10YRBANDS_YGE65,0,SEX_T,-10.64043858641713,1.7155694883624195,-0.236361394685746,0.0002198253100436766,2.835379289154832
211,EMP_TEMP_SEX_AGE_NB,AGE_10YRBANDS_YGE65,0,SEX_M,-8.39962348636118,1.709875634271972,-0.21469449527910256,0.000814582285740521,2.476870404331745
212,EMP_TEMP_SEX_AGE_NB,AGE_10YRBANDS_YGE65,0,SEX_F,-12.50699833255543,1.6365811723886403,-0.2564764947863689,5.819301965281649e-05,3.055213605213527
213,EMP_TEMP_SEX_AGE_NB,AGE_AGGREGATE_TOTAL,0,SEX_T,-10.451789937944557,2.042759848802589,-0.17103825050805666,0.007919669038189655,3.9026691437383065
214,EMP_TEMP_SEX_AGE_NB,AGE_AGGREGATE_TOTAL,0,SEX_M,-5.48385180056422,1.721424432804713,-0.08257259315412195,0.20241245517621437,4.290181605414488
215,EMP_TEMP_SEX_AGE_NB,AGE_AGGREGATE_TOTAL,0,SEX_F,-13.580188726275953,2.208583581861038,-0.2545596824002196,6.636844150787793e-05,3.344104257928937
216,EMP_TEMP_SEX_AGE_NB,AGE_AGGREGATE_Y15-24,0,SEX_T,0.5320009650025348,1.2861424783929394,0.019042766002532838,0.7691433024364555,1.8105693032649035
217,EMP_TEMP_SEX_AGE_NB,AGE_AGGREGATE_Y15-24,0,SEX_M,0.2570850630137904,1.3101096000648114,0.010446966435102768,0.8720909287591562,1.595050603838093
218,EMP_TEMP_SEX_AGE_NB,AGE_AGGREGATE_Y15-24,0,SEX_F,1.0672063132402376,1.2392756140089567,0.033405260707992955,0.6065851853163432,2.0696770755086598
219,EMP_TEMP_SEX_AGE_NB,AGE_AGGREGATE_Y25-54,0,SEX_T,-14.09204564630492,2.2771981847537663,-0.22115772800299643,0.000558295113574058,4.02804284761799
220,EMP_TEMP_SEX_AGE_NB,AGE_AGGREGATE_Y25-54,0,SEX_M,-7.696118903520311,1.867990828593086,-0.09916892587045803,0.12550356774126248,5.00566269514105
221,EMP_TEMP_SEX_AGE_NB,AGE_AGGREGATE_Y25-54,0,SEX_F,-15.578468769381912,2.3305294422364473,-0.3100685159924803,9.59451637640798e-07,3.09619714242336
222,EMP_TEMP_SEX_AGE_NB,AGE_AGGREGATE_Y55-64,0,SEX_T,-18.582225859514974,2.429552454707723,-0.3835651801080955,7.851590107117775e-10,2.900103341340437
223,EMP_TEMP_SEX_AGE_NB,AGE_AGGREGATE_Y55-64,0,SEX_M,-24.44325027438704,3.0061487183154876,-0.3399255742623945,6.653818949161583e-08,4.383524391960276
224,EMP_TEMP_SEX_AGE_NB,AGE_AGGREGATE_Y55-64,0,SEX_F,-13.348151691128722,1.9712665036305812,-0.42086948212892966,1.012410891720492e-11,1.8648784831855383
225,EMP_TEMP_SEX_AGE_NB,AGE_AGGREGATE_YGE65,0,SEX_T,-10.64043858641713,1.7155694883624195,-0.236361394685746,0.0002198253100436766,2.835379289154832
226,EMP_TEMP_SEX_AGE_NB,AGE_AGGREGATE_YGE65,0,SEX_M,-8.39962348636118,1.709875634271972,-0.21469449527910256,0.000814582285740521,2.476870404331745
227,EMP_TEMP_SEX_AGE_NB,AGE_AGGREGATE_YGE65,0,SEX_F,-12.50699833255543,1.6365811723886403,-0.2564764947863689,5.819301965281649e-05,3.055213605213527
228,EMP_TEMP_SEX_AGE_NB,AGE_YTHADULT_YGE15,0,SEX_T,-10.451789891194128,2.042759845657061,-0.17103825003967432,0.007919669211502363,3.9026691372912223
229,EMP_TEMP_SEX_AGE_NB,AGE_YTHADULT_YGE15,0,SEX_M,-5.483851746258679,1.7214244289538319,-0.08257259215937111,0.202412460632257,4.290181614968203
230,EMP_TEMP_SEX_AGE_NB,AGE_YTHADULT_YGE15,0,SEX_F,-13.580188748503675,2.208583583393815,-0.2545596825771946,6.636844070549701e-05,3.3441042609165037
231,EMP_TEMP_SEX_AGE_NB,AGE_YTHADULT_Y15-64,0,SEX_T,-10.129077609021,2.031858263496302,-0.17071879463477335,0.008038663439081554,3.789459684968314
232,EMP_TEMP_SEX_AGE_NB,AGE_YTHADULT_Y15-64,0,SEX_M,-5.377977485682501,1.718917038503753,-0.08188932906622255,0.2061852071317647,4.242698051219044
233,EMP_TEMP_SEX_AGE_NB,AGE_YTHADULT_Y15-64,0,SEX_F,-12.810200539851653,2.1753748163736,-0.2512477419484383,8.309201241288564e-05,3.19893936818242
234,EMP_TEMP_SEX_AGE_NB,AGE_YTHADULT_Y15-24,0,SEX_T,0.5320009650025348,1.2861424783929394,0.019042766002532838,0.7691433024364555,1.8105693032649035
235,EMP_TEMP_SEX_AGE_NB,AGE_YTHADULT_Y15-24,0,SEX_M,0.2570850630137904,1.3101096000648114,0.010446966435102768,0.8720909287591562,1.595050603838093
236,EMP_TEMP_SEX_AGE_NB,AGE_YTHADULT_Y15-24,0,SEX_F,1.0672063132402376,1.2392756140089567,0.033405260707992955,0.6065851853163432,2.0696770755086598
237,EMP_TEMP_SEX_AGE_NB,AGE_YTHADULT_YGE25,0,SEX_T,-16.087857019234747,2.3753382314759257,-0.24394092113969257,0.00013496781851695362,4.145747081448267
238,EMP_TEMP_SEX_AGE_NB,AGE_YTHADULT_YGE25,0,SEX_M,-10.685388203937475,2.06400375846466,-0.1351746829409405,0.036367109159708484,5.0769397851512945
239,EMP_TEMP_SEX_AGE_NB,AGE_YTHADULT_YGE25,0,SEX_F,-17.326391545779465,2.381593419744367,-0.32932707812894724,1.7731911347703748e-07,3.2200566831746817
240,EMP_TEMP_SEX_STE_NB,STE_AGGREGATE_TOTAL,0,SEX_T,-10.451789937944557,2.042759848802589,-0.17103825050805666,0.007919669038189655,3.9026691437383065
241,EMP_TEMP_SEX_STE_NB,STE_AGGREGATE_TOTAL,0,SEX_M,-5.48385180056422,1.721424432804713,-0.08257259315412195,0.20241245517621437,4.290181605414488
242,EMP_TEMP_SEX_STE_NB,STE_AGGREGATE_TOTAL,0,SEX_F,-13.580188726275953,2.208583581861038,-0.2545596824002196,6.636844150787793e-05,3.344104257928937
243,EMP_TEMP_SEX_STE_NB,STE_AGGREGATE_EES,0,SEX_T,-7.426844238766331,1.772822998602441,-0.11209157146202733,0.08311089252018218,4.267733021798201
244,EMP_TEMP_SEX_STE_NB,STE_AGGREGATE_EES,0,SEX_M,5.733473683041029,0.9901243983712229,0.0761975441712498,0.239596955171202,4.863220097041321
245,EMP_TEMP_SEX_STE_NB,STE_AGGREGATE_EES,0,SEX_F,-14.331405448742668,2.175755267456989,-0.26127461033185706,4.168739765558576e-05,3.43201703745215
246,EMP_TEMP_SEX_STE_NB,STE_AGGREGATE_SLF,0,SEX_T,-7.328757022733084,2.5849500378178694,-0.5029370366071124,8.617911092772814e-17,0.8164024926684849
247,EMP_TEMP_SEX_STE_NB,STE_AGGREGATE_SLF,0,SEX_M,-7.357023015048549,2.68228770913099,-0.6025496996710009,4.142948445023996e-25,0.631637535139324
248,EMP_TEMP_SEX_STE_NB,STE_AGGREGATE_SLF,0,SEX_F,-3.745221511210153,1.8945928652474253,-0.2058339244792548,0.0013435001770311628,1.1541745422117236
249,EMP_TEM1_SEX_AGE_NB,AGE_AGGREGATE_TOTAL,0,SEX_T,-10.693272696159866,2.0590785637914504,-0.17360833564541628,0.0070179775506655565,3.931933343006151
250,EMP_TEM1_SEX_AGE_NB,AGE_AGGREGATE_TOTAL,0,SEX_M,-5.87468259808432,1.7489507013770047,-0.08641689012132968,0.18211454563547794,4.3900511525556185
251,EMP_TEM1_SEX_AGE_NB,AGE_AGGREGATE_TOTAL,0,SEX_F,-13.817137399365304,2.2240702955791427,-0.2570927261646638,5.5772783422287547e-05,3.366594195539232
252,EMP_TEM1_SEX_AGE_NB,AGE_AGGREGATE_Y15-24,0,SEX_T,0.3276660755357499,1.303975900142234,0.010354263250178913,0.8732163708808519,2.0511646200750375
253,EMP_TEM1_SEX_AGE_NB,AGE_AGGREGATE_Y15-24,0,SEX_M,-0.043718661446677604,1.3361920127962057,-0.0015514431207859433,0.9809248881719985,1.826593875959552
254,EMP_TEM1_SEX_AGE_NB,AGE_AGGREGATE_Y15-24,0,SEX_F,0.9512436502113046,1.2494871544642778,0.0267703291488361,0.6798755881494137,2.302469610315074
255,EMP_TEM1_SEX_AGE_NB,AGE_AGGREGATE_Y25-54,0,SEX_T,-14.138149866363703,2.28033185768775,-0.22108410745179688,0.0005607371920144196,4.042636099118085
256,EMP_TEM1_SEX_AGE_NB,AGE_AGGREGATE_Y25-54,0,SEX_M,-7.7663734391816295,1.8728599536210595,-0.09974318221859912,0.12331858101714467,5.021985097352363
257,EMP_TEM1_SEX_AGE_NB,AGE_AGGREGATE_Y25-54,0,SEX_F,-15.9325247985112,2.353281229146723,-0.3127955692212839,7.608233641337604e-07,3.136007254041438
258,EMP_TEM1_SEX_AGE_NB,AGE_AGGREGATE_Y55-64,0,SEX_T,-18.8702980037025,2.446751311463766,-0.38616368895644226,5.899703053445178e-10,2.9218128333882007
259,EMP_TEM1_SEX_AGE_NB,AGE_AGGREGATE_Y55-64,0,SEX_M,-24.83781405661302,3.033571403539052,-0.34225420637340376,5.3380698564725366e-08,4.420002602685702
260,EMP_TEM1_SEX_AGE_NB,AGE_AGGREGATE_Y55-64,0,SEX_F,-13.510254614055729,1.9790532496394961,-0.42305150010083964,7.716558909038418e-12,1.875688211355577
261,EMP_TEM1_SEX_AGE_NB,AGE_AGGREGATE_YGE65,0,SEX_T,-9.645759788242113,1.6763412097448718,-0.2251790981630596,0.00043891982845006226,2.705330580995962
262,EMP_TEM1_SEX_AGE_NB,AGE_AGGREGATE_YGE65,0,SEX_M,-7.366071787749202,1.6576742145504646,-0.19293838866278853,0.002685320944472875,2.428237566331563
263,EMP_TEM1_SEX_AGE_NB,AGE_AGGREGATE_YGE65,0,SEX_F,-10.101147800769896,1.5791392461651321,-0.2367437848178437,0.0002145613787404662,2.6870682898576064
264,EMP_TEM1_SEX_AGE_NB,AGE_YTHADULT_YGE15,0,SEX_T,-10.69327431628002,2.0590786756251984,-0.17360835319032328,0.0070179717216040894,3.9319335290159696
265,EMP_TEM1_SEX_AGE_NB,AGE_YTHADULT_YGE15,0,SEX_M,-5.874687181946596,1.7489510241499717,-0.08641695120164439,0.1821142355134046,4.390051451719946
266,EMP_TEM1_SEX_AGE_NB,AGE_YTHADULT_YGE15,0,SEX_F,-13.817138562346155,2.2240703711260696,-0.2570927304719529,5.5772766841568774e-05,3.366594418508317
267,EMP_TEM1_SEX_AGE_NB,AGE_YTHADULT_Y15-64,0,SEX_T,-10.359097476811387,2.047646331699441,-0.1732666477939444,0.007132321519503463,3.8168013735227664
268,EMP_TEM1_SEX_AGE_NB,AGE_YTHADULT_Y15-64,0,SEX_M,-5.7824425671750666,1.7478213364278596,-0.08588998264735052,0.1848043104851279,4.347829269709761
269,EMP_TEM1_SEX_AGE_NB,AGE_YTHADULT_Y15-64,0,SEX_F,-13.005374573493468,2.1883064469776623,-0.25351195254575654,7.128194946256563e-05,3.2167078221872374
270,EMP_TEM1_SEX_AGE_NB,AGE_YTHADULT_Y15-24,0,SEX_T,0.3276660755357499,1.303975900142234,0.010354263250178913,0.8732163708808519,2.0511646200750375
271,EMP_TEM1_SEX_AGE_NB,AGE_YTHADULT_Y15-24,0,SEX_M,-0.043718661446677604,1.3361920127962057,-0.0015514431207859433,0.9809248881719985,1.826593875959552
272,EMP_TEM1_SEX_AGE_NB,AGE_YTHADULT_Y15-24,0,SEX_F,0.9512436502113046,1.2494871544642778,0.0267703291488361,0.6798755881494137,2.302469610315074
273,EMP_TEM1_SEX_AGE_NB,AGE_YTHADULT_YGE25,0,SEX_T,-16.20838546878822,2.383025474091743,-0.24428123281184708,0.00013199561359281565,4.170619352132118
274,EMP_TEM1_SEX_AGE_NB,AGE_YTHADULT_YGE25,0,SEX_M,-10.668347833068996,2.062512171866276,-0.13423785089704174,0.03769448579427098,5.104874424751161
275,EMP_TEM1_SEX_AGE_NB,AGE_YTHADULT_YGE25,0,SEX_F,-17.803803557676325,2.4106711352225743,-0.33324754331205525,1.2392408203225438e-07,3.265089325205888
276,EMP_TEM1_SEX_ECO_NB,ECO_SECTOR_TOTAL,0,SEX_T,-10.69327431628002,2.0590786756251984,-0.17360835319032328,0.0070179717216040894,3.9319335290159696
277,EMP_TEM1_SEX_ECO_NB,ECO_SECTOR_TOTAL,0,SEX_M,-5.87468259808432,1.7489507013770047,-0.08641689012132968,0.18211454563547794,4.3900511525556185
278,EMP_TEM1_SEX_ECO_NB,ECO_SECTOR_TOTAL,0,SEX_F,-13.817137399365304,2.2240702955791427,-0.2570927261646638,5.5772783422287547e-05,3.366594195539232
279,EMP_TEMP_SEX_STE_DT,STE_AGGREGATE_TOTAL,0,SEX_T,,,0.0,1.0,inf
280,EMP_TEMP_SEX_STE_DT,STE_AGGREGATE_TOTAL,0,SEX_M,,,0.0,1.0,inf
281,EMP_TEMP_SEX_STE_DT,STE_AGGREGATE_TOTAL,0,SEX_F,,,0.0,1.0,inf
282,EMP_TEMP_SEX_STE_DT,STE_AGGREGATE_EES,0,SEX_T,16.845689561891774,-13.362881077600528,0.43368089358574236,1.9983237164204783e-12,2.268751247773434
283,EMP_TEMP_SEX_STE_DT,STE_AGGREGATE_EES,0,SEX_M,17.294671250583384,-13.221424109632883,0.7171164316350618,3.454627765429758e-39,1.0895267352628146
284,EMP_TEMP_SEX_STE_DT,STE_AGGREGATE_EES,0,SEX_F,-12.495648103662209,12.725147661014006,-0.2985186730449652,2.498135533505978e-06,2.589589720182441
285,EMP_TEMP_SEX_STE_DT,STE_AGGREGATE_SLF,0,SEX_T,-1.1596214536118397,4.2434756211785,-0.6980468182118794,2.2092769908222764e-36,0.07710594183547735
286,EMP_TEMP_SEX_STE_DT,STE_AGGREGATE_SLF,0,SEX_M,-0.9070049692191303,3.674479721987214,-0.7805665073474904,1.7828114119749414e-50,0.047080583118204636
287,EMP_TEMP_SEX_STE_DT,STE_AGGREGATE_SLF,0,SEX_F,0.0023884213619496603,1.3268578514024238,0.0010000190253484744,0.987704009199595,0.15481533919480692
288,EMP_DWAP_SEX_AGE_RT,AGE_10YRBANDS_TOTAL,0,SEX_T,-1.1010223188478716,2.3775025272953716,-0.19015382405768408,0.003101425445902605,0.36847276778671906
289,EMP_DWAP_SEX_AGE_RT,AGE_10YRBANDS_TOTAL,0,SEX_M,-0.7570960386460329,2.0665499134568828,-0.11937818130743567,0.0648411994120444,0.40815082300175054
290,EMP_DWAP_SEX_AGE_RT,AGE_10YRBANDS_TOTAL,0,SEX_F,-1.3072418186425048,2.5343531625152034,-0.2682830357926385,2.5312308241292216e-05,0.30426632963295297
291,EMP_DWAP_SEX_AGE_RT,AGE_10YRBANDS_Y15-24,0,SEX_T,-0.5663854421416598,1.95906694904473,-0.25811165562736266,5.197765227786045e-05,0.13741838935052558
292,EMP_DWAP_SEX_AGE_RT,AGE_10YRBANDS_Y15-24,0,SEX_M,-0.4878977603486612,1.8651241978211321,-0.24651286624301458,0.00011397295079816883,0.12433318469137081
293,EMP_DWAP_SEX_AGE_RT,AGE_10YRBANDS_Y15-24,0,SEX_F,-0.6497754145184393,2.061729741148716,-0.2658602823167247,3.0124437339006387e-05,0.1527226959591971
294,EMP_DWAP_SEX_AGE_RT,AGE_10YRBANDS_Y25-34,0,SEX_T,-1.6386774771610504,2.9104449351768737,-0.2577913784884294,5.314353656350048e-05,0.39811076522923144
295,EMP_DWAP_SEX_AGE_RT,AGE_10YRBANDS_Y25-34,0,SEX_M,-0.6870076177245209,2.0122304204945145,-0.09821662483397191,0.12919290176931347,0.45121464558393687
296,EMP_DWAP_SEX_AGE_RT,AGE_10YRBANDS_Y25-34,0,SEX_F,-2.004001688943237,3.1948998138695526,-0.3939150860540616,2.4776859490014406e-10,0.30310415328081847
297,EMP_DWAP_SEX_AGE_RT,AGE_10YRBANDS_Y35-44,0,SEX_T,-0.7692530026491786,2.0748915469637885,-0.09403362364487639,0.14639677545391827,0.5279209830418826
298,EMP_DWAP_SEX_AGE_RT,AGE_10YRBANDS_Y35-44,0,SEX_M,-0.22809544020673778,1.558131449333176,-0.021478851540206706,0.7406067937858525,0.6882034837119844
299,EMP_DWAP_SEX_AGE_RT,AGE_10YRBANDS_Y35-44,0,SEX_F,-0.8906944410617608,2.164815197720041,-0.1502180497820996,0.019899107993231954,0.3799810900235931
300,EMP_DWAP_SEX_AGE_RT,AGE_10YRBANDS_Y45-54,0,SEX_T,-1.3810627151860753,2.669577894781744,-0.24595969201469084,0.00011821188950066973,0.3527851201135653
301,EMP_DWAP_SEX_AGE_RT,AGE_10YRBANDS_Y45-54,0,SEX_M,-1.010443999983495,2.3333836504807093,-0.13270652612438735,0.0399523142276447,0.48918511154911326
302,EMP_DWAP_SEX_AGE_RT,AGE_10YRBANDS_Y45-54,0,SEX_F,-1.3353693133813065,2.58303032948868,-0.34455938152678417,4.284366883681988e-08,0.23583350397282296
303,EMP_DWAP_SEX_AGE_RT,AGE_10YRBANDS_Y55-64,0,SEX_T,-0.9344789844404211,2.0998523202445356,-0.29415988038799007,3.547015883537047e-06,0.19680891007443482
304,EMP_DWAP_SEX_AGE_RT,AGE_10YRBANDS_Y55-64,0,SEX_M,-0.7952966774544193,2.053826651160045,-0.1933210502711622,0.0026322843444953267,0.2616318165467466
305,EMP_DWAP_SEX_AGE_RT,AGE_10YRBANDS_Y55-64,0,SEX_F,-0.8359698222528619,1.915311081098062,-0.3853379663311232,6.462369191615015e-10,0.12976464504206267
306,EMP_DWAP_SEX_AGE_RT,AGE_10YRBANDS_YGE65,0,SEX_T,-0.5508248851030677,1.6079955663418757,-0.12669141711016943,0.049954403203747146,0.279553051500143
307,EMP_DWAP_SEX_AGE_RT,AGE_10YRBANDS_YGE65,0,SEX_M,-0.2149192601248525,1.4606083897852387,-0.051042063595668985,0.43120861200130167,0.272578855521888
308,EMP_DWAP_SEX_AGE_RT,AGE_10YRBANDS_YGE65,0,SEX_F,-0.8453441707553526,1.627764655384529,-0.20753665924044662,0.0012222435539578104,0.25827954626120575
309,EMP_DWAP_SEX_AGE_RT,AGE_AGGREGATE_TOTAL,0,SEX_T,-1.1010223188478716,2.3775025272953716,-0.19015382405768408,0.003101425445902605,0.36847276778671906
310,EMP_DWAP_SEX_AGE_RT,AGE_AGGREGATE_TOTAL,0,SEX_M,-0.7570960386460329,2.0665499134568828,-0.11937818130743567,0.0648411994120444,0.40815082300175054
311,EMP_DWAP_SEX_AGE_RT,AGE_AGGREGATE_TOTAL,0,SEX_F,-1.3072418186425048,2.5343531625152034,-0.2682830357926385,2.5312308241292216e-05,0.30426632963295297
312,EMP_DWAP_SEX_AGE_RT,AGE_AGGREGATE_Y15-24,0,SEX_T,-0.5663854421416598,1.95906694904473,-0.25811165562736266,5.197765227786045e-05,0.13741838935052558
313,EMP_DWAP_SEX_AGE_RT,AGE_AGGREGATE_Y15-24,0,SEX_M,-0.4878977603486612,1.8651241978211321,-0.24651286624301458,0.00011397295079816883,0.12433318469137081
314,EMP_DWAP_SEX_AGE_RT,AGE_AGGREGATE_Y15-24,0,SEX_F,-0.6497754145184393,2.061729741148716,-0.2658602823167247,3.0124437339006387e-05,0.1527226959591971
315,EMP_DWAP_SEX_AGE_RT,AGE_AGGREGATE_Y25-54,0,SEX_T,-1.3755178390960938,2.660238721694995,-0.20723394774137563,0.0012430381198307975,0.420905974509023
316,EMP_DWAP_SEX_AGE_RT,AGE_AGGREGATE_Y25-54,0,SEX_M,-0.7637763609366409,2.0884765903106937,-0.0930703752159122,0.1505946588430348,0.5296355471205803
317,EMP_DWAP_SEX_AGE_RT,AGE_AGGREGATE_Y25-54,0,SEX_F,-1.496391633176938,2.728982418075597,-0.30161928390784787,1.9399586489617153e-06,0.3066096326254343
318,EMP_DWAP_SEX_AGE_RT,AGE_AGGREGATE_Y55-64,0,SEX_T,-0.9344789844404211,2.0998523202445356,-0.29415988038799007,3.547015883537047e-06,0.19680891007443482
319,EMP_DWAP_SEX_AGE_RT,AGE_AGGREGATE_Y55-64,0,SEX_M,-0.7952966774544193,2.053826651160045,-0.1933210502711622,0.0026322843444953267,0.2616318165467466
320,EMP_DWAP_SEX_AGE_RT,AGE_AGGREGATE_Y55-64,0,SEX_F,-0.8359698222528619,1.915311081098062,-0.3853379663311232,6.462369191615015e-10,0.12976464504206267
321,EMP_DWAP_SEX_AGE_RT,AGE_AGGREGATE_YGE65,0,SEX_T,-0.5508248851030677,1.6079955663418757,-0.12669141711016943,0.049954403203747146,0.279553051500143
322,EMP_DWAP_SEX_AGE_RT,AGE_AGGREGATE_YGE65,0,SEX_M,-0.2149192601248525,1.4606083897852387,-0.051042063595668985,0.43120861200130167,0.272578855521888
323,EMP_DWAP_SEX_AGE_RT,AGE_AGGREGATE_YGE65,0,SEX_F,-0.8453441707553526,1.627764655384529,-0.20753665924044662,0.0012222435539578104,0.25827954626120575
324,EMP_DWAP_SEX_AGE_RT,AGE_YTHADULT_YGE15,0,SEX_T,-1.1010223188478716,2.3775025272953716,-0.19015382405768408,0.003101425445902605,0.36847276778671906
325,EMP_DWAP_SEX_AGE_RT,AGE_YTHADULT_YGE15,0,SEX_M,-0.7570960386460329,2.0665499134568828,-0.11937818130743567,0.0648411994120444,0.40815082300175054
326,EMP_DWAP_SEX_AGE_RT,AGE_YTHADULT_YGE15,0,SEX_F,-1.3072418186425048,2.5343531625152034,-0.2682830357926385,2.5312308241292216e-05,0.30426632963295297
327,EMP_DWAP_SEX_AGE_RT,AGE_YTHADULT_Y15-64,0,SEX_T,-1.2888039017574406,2.575911671465967,-0.2541907957344847,6.806088617828414e-05,0.3178587835758301
328,EMP_DWAP_SEX_AGE_RT,AGE_YTHADULT_Y15-64,0,SEX_M,-1.1336130683388035,2.451092218237174,-0.20410467955835448,0.0014778441752870918,0.3524386272679018
329,EMP_DWAP_SEX_AGE_RT,AGE_YTHADULT_Y15-64,0,SEX_F,-1.330746009921934,2.5769960851603124,-0.307447112438809,1.1965000132478436e-06,0.2669775928233112
330,EMP_DWAP_SEX_AGE_RT,AGE_YTHADULT_Y15-24,0,SEX_T,-0.5663854421416598,1.95906694904473,-0.25811165562736266,5.197765227786045e-05,0.13741838935052558
331,EMP_DWAP_SEX_AGE_RT,AGE_YTHADULT_Y15-24,0,SEX_M,-0.4878977603486612,1.8651241978211321,-0.24651286624301458,0.00011397295079816883,0.12433318469137081
332,EMP_DWAP_SEX_AGE_RT,AGE_YTHADULT_Y15-24,0,SEX_F,-0.6497754145184393,2.061729741148716,-0.2658602823167247,3.0124437339006387e-05,0.1527226959591971
333,EMP_DWAP_SEX_AGE_RT,AGE_YTHADULT_YGE25,0,SEX_T,-0.9345749679110898,2.1953567869684516,-0.13515632258983448,0.03639273816116291,0.44410528641817715
334,EMP_DWAP_SEX_AGE_RT,AGE_YTHADULT_YGE25,0,SEX_M,0.22003684306723328,1.1226671878104655,0.025926900427392267,0.6894305246300907,0.5499336703666061
335,EMP_DWAP_SEX_AGE_RT,AGE_YTHADULT_YGE25,0,SEX_F,-1.397074911194129,2.562879213213111,-0.2745075846943415,1.606145957839178e-05,0.3172228896556923
336,EMP_DWA1_SEX_AGE_RT,AGE_AGGREGATE_TOTAL,0,SEX_T,-1.1419889290476926,2.416240393929386,-0.1944831382967605,0.002476999893513875,0.3733522654342676
337,EMP_DWA1_SEX_AGE_RT,AGE_AGGREGATE_TOTAL,0,SEX_M,-0.8439917588887168,2.150384346802765,-0.12778746173509106,0.047990376357312174,0.42460614730006585
338,EMP_DWA1_SEX_AGE_RT,AGE_AGGREGATE_TOTAL,0,SEX_F,-1.3419368019822648,2.5665503256321758,-0.272571643594327,1.8524395985147153e-05,0.3070429613393353
339,EMP_DWA1_SEX_AGE_RT,AGE_AGGREGATE_Y15-24,0,SEX_T,-0.7487304201305142,2.1590147594659936,-0.30206729111636166,1.8699018310048068e-06,0.15316403170783258
340,EMP_DWA1_SEX_AGE_RT,AGE_AGGREGATE_Y15-24,0,SEX_M,-0.6692946027321884,2.0609023076821473,-0.295412838747272,3.2088842216650222e-06,0.1403042864766201
341,EMP_DWA1_SEX_AGE_RT,AGE_AGGREGATE_Y15-24,0,SEX_F,-0.823073251967867,2.2552157733535796,-0.30448339394440777,1.5318375979832973e-06,0.16690118769158335
342,EMP_DWA1_SEX_AGE_RT,AGE_AGGREGATE_Y25-54,0,SEX_T,-1.382078117927609,2.666671347657588,-0.20662950465351548,0.0012855343352794783,0.4242059647728835
343,EMP_DWA1_SEX_AGE_RT,AGE_AGGREGATE_Y25-54,0,SEX_M,-0.7808968555658747,2.1054197903217275,-0.09408569662152572,0.14617239966776213,0.5356126422552231
344,EMP_DWA1_SEX_AGE_RT,AGE_AGGREGATE_Y25-54,0,SEX_F,-1.5572868229612182,2.7859588817343752,-0.30609758443253343,1.3394224371051896e-06,0.3139476529831649
345,EMP_DWA1_SEX_AGE_RT,AGE_AGGREGATE_Y55-64,0,SEX_T,-0.9422958177603397,2.1064984083634974,-0.2946792079966821,3.4029404932767548e-06,0.19807228927744408
346,EMP_DWA1_SEX_AGE_RT,AGE_AGGREGATE_Y55-64,0,SEX_M,-0.7934486861522976,2.0524243327751712,-0.1922365055076539,0.0027851302243057526,0.2625535062312367
347,EMP_DWA1_SEX_AGE_RT,AGE_AGGREGATE_Y55-64,0,SEX_F,-0.8452558376207223,1.9218639176218386,-0.38695636031702657,5.404412091633865e-10,0.1305614018781979
348,EMP_DWA1_SEX_AGE_RT,AGE_YTHADULT_YGE15,0,SEX_T,-1.141993992735134,2.416245153734783,-0.19448403740702339,0.002476883044300754,0.37335212702666404
349,EMP_DWA1_SEX_AGE_RT,AGE_YTHADULT_YGE15,0,SEX_M,-0.8439896965188756,2.150382373552711,-0.12778719428144647,0.04799084763184253,0.4246060131715028
350,EMP_DWA1_SEX_AGE_RT,AGE_YTHADULT_YGE15,0,SEX_F,-1.341937813911004,2.566551245596847,-0.27257189780797836,1.852405026981197e-05,0.30704288352830966
351,EMP_DWA1_SEX_AGE_RT,AGE_YTHADULT_Y15-64,0,SEX_T,-1.3236279863199387,2.6094251655389953,-0.25836581321859686,5.1069643872337895e-05,0.32080471384027875
352,EMP_DWA1_SEX_AGE_RT,AGE_YTHADULT_Y15-64,0,SEX_M,-1.2232245905616683,2.5391899188153513,-0.21309115659148983,0.0008931137148058065,0.36354755599502686
353,EMP_DWA1_SEX_AGE_RT,AGE_YTHADULT_Y15-64,0,SEX_F,-1.3570589210149457,2.601757967252581,-0.31097291074923095,8.886397128000394e-07,0.2688454397852203
354,EMP_DWA1_SEX_AGE_RT,AGE_YTHADULT_Y15-24,0,SEX_T,-0.7487304201305142,2.1590147594659936,-0.30206729111636166,1.8699018310048068e-06,0.15316403170783258
355,EMP_DWA1_SEX_AGE_RT,AGE_YTHADULT_Y15-24,0,SEX_M,-0.6692946027321884,2.0609023076821473,-0.295412838747272,3.2088842216650222e-06,0.1403042864766201
356,EMP_DWA1_SEX_AGE_RT,AGE_YTHADULT_Y15-24,0,SEX_F,-0.823073251967867,2.2552157733535796,-0.30448339394440777,1.5318375979832973e-06,0.16690118769158335
357,EES_TEES_SEX_ECO_NB,ECO_SECTOR_TOTAL,0,SEX_T,-7.42793205213016,1.7729400635959691,-0.11197102665352528,0.08344481982737602,4.2730117502798
358,EES_TEES_SEX_ECO_NB,ECO_SECTOR_TOTAL,0,SEX_M,5.765927460550927,0.9881462240164245,0.07654801033248226,0.23743607147625265,4.868225097805303
359,EES_TEES_SEX_ECO_NB,ECO_SECTOR_TOTAL,0,SEX_F,-14.350118594549043,2.1769588251990317,-0.2613285856931216,4.152973509694744e-05,3.435736582683553
360,UNE_TUNE_SEX_AGE_NB,AGE_10YRBANDS_TOTAL,0,SEX_T,2.6097957731965646,1.110116807058961,0.22917106155557182,0.0003442214604354156,0.7185275708453095
361,UNE_TUNE_SEX_AGE_NB,AGE_10YRBANDS_TOTAL,0,SEX_M,2.009168755498253,1.1523427784086866,0.2204819682440092,0.0005810850863949223,0.5761474269443965
362,UNE_TUNE_SEX_AGE_NB,AGE_10YRBANDS_TOTAL,0,SEX_F,2.958938673766828,1.0938134648141797,0.2052115758950193,0.0013905040384927373,0.9147513179524922
363,UNE_TUNE_SEX_AGE_NB,AGE_10YRBANDS_Y15-24,0,SEX_T,3.8354129571123163,0.9568233292478021,0.33861413443042826,7.526883640588089e-08,0.6908340387916972
364,UNE_TUNE_SEX_AGE_NB,AGE_10YRBANDS_Y15-24,0,SEX_M,3.794141479490729,0.9700409008852998,0.3374323440810947,8.407252123471051e-08,0.6861030665741138
365,UNE_TUNE_SEX_AGE_NB,AGE_10YRBANDS_Y15-24,0,SEX_F,3.263402029198986,1.0002408014292077,0.3137676912604258,7.000499432639707e-07,0.640130835472524
366,UNE_TUNE_SEX_AGE_NB,AGE_10YRBANDS_Y25-34,0,SEX_T,1.0493535164029542,1.2462408492664534,0.09553153417625483,0.14004637272601586,0.7087543669063442
367,UNE_TUNE_SEX_AGE_NB,AGE_10YRBANDS_Y25-34,0,SEX_M,0.620492809461543,1.2758066501398886,0.08220832885852326,0.20441753027958745,0.48759578952146815
368,UNE_TUNE_SEX_AGE_NB,AGE_10YRBANDS_Y25-34,0,SEX_F,0.8387405600362506,1.2705510886407743,0.050900930946697294,0.43248529390434476,1.0667191787366797
369,UNE_TUNE_SEX_AGE_NB,AGE_10YRBANDS_Y35-44,0,SEX_T,1.6236723938001476,1.205227979073018,0.13471340653423314,0.03701565019264841,0.7741447810051513
370,UNE_TUNE_SEX_AGE_NB,AGE_10YRBANDS_Y35-44,0,SEX_M,1.2086980529580835,1.234969943086373,0.13411463094528642,0.037872084110456464,0.578911080888765
371,UNE_TUNE_SEX_AGE_NB,AGE_10YRBANDS_Y35-44,0,SEX_F,1.2626132358989257,1.235172137484946,0.08372983357317099,0.1961370384340854,0.9740335560516894
372,UNE_TUNE_SEX_AGE_NB,AGE_10YRBANDS_Y45-54,0,SEX_T,1.2602749116244976,1.2258447910448131,0.14680834060735062,0.022917310286344646,0.5504207585765424
373,UNE_TUNE_SEX_AGE_NB,AGE_10YRBANDS_Y45-54,0,SEX_M,0.8968486472848375,1.2523846896009232,0.12831344173750017,0.047071004934174154,0.4493177549687457
374,UNE_TUNE_SEX_AGE_NB,AGE_10YRBANDS_Y45-54,0,SEX_F,1.5888917579304822,1.2051503793053762,0.1522307750537201,0.018284471323276905,0.6686701464708442
375,UNE_TUNE_SEX_AGE_NB,AGE_10YRBANDS_Y55-64,0,SEX_T,2.3901046852469285,1.1168367303677091,0.3335024714542716,1.2104933631669153e-07,0.43795105026480274
376,UNE_TUNE_SEX_AGE_NB,AGE_10YRBANDS_Y55-64,0,SEX_M,1.58756471598646,1.1406571262890814,0.339580727973115,6.873446862692921e-08,0.2850324061626149
377,UNE_TUNE_SEX_AGE_NB,AGE_10YRBANDS_Y55-64,0,SEX_F,-1.9051172393577267,1.4261466620063328,-0.12364847376831341,0.0557608460356358,0.9910575516947644
378,UNE_TUNE_SEX_AGE_NB,AGE_10YRBANDS_YGE65,0,SEX_T,12.467854046583819,1.1695520700516375,0.2996851550618321,2.272209576786371e-06,2.5727864860844525
379,UNE_TUNE_SEX_AGE_NB,AGE_10YRBANDS_YGE65,0,SEX_M,9.767112643047982,1.1600209216366033,0.3724022447149036,2.6059184447974702e-09,1.5777813871454636
380,UNE_TUNE_SEX_AGE_NB,AGE_10YRBANDS_YGE65,0,SEX_F,-1.812715639820482,1.3463397227650735,-0.044650015119766504,0.49117123762853954,2.6289737572685485
381,UNE_TUNE_SEX_AGE_NB,AGE_AGGREGATE_TOTAL,0,SEX_T,2.6097957731965646,1.110116807058961,0.22917106155557182,0.0003442214604354156,0.7185275708453095
382,UNE_TUNE_SEX_AGE_NB,AGE_AGGREGATE_TOTAL,0,SEX_M,2.009168755498253,1.1523427784086866,0.2204819682440092,0.0005810850863949223,0.5761474269443965
383,UNE_TUNE_SEX_AGE_NB,AGE_AGGREGATE_TOTAL,0,SEX_F,2.958938673766828,1.0938134648141797,0.2052115758950193,0.0013905040384927373,0.9147513179524922
384,UNE_TUNE_SEX_AGE_NB,AGE_AGGREGATE_Y15-24,0,SEX_T,3.8354129571123163,0.9568233292478021,0.33861413443042826,7.526883640588089e-08,0.6908340387916972
385,UNE_TUNE_SEX_AGE_NB,AGE_AGGREGATE_Y15-24,0,SEX_M,3.794141479490729,0.9700409008852998,0.3374323440810947,8.407252123471051e-08,0.6861030665741138
386,UNE_TUNE_SEX_AGE_NB,AGE_AGGREGATE_Y15-24,0,SEX_F,3.263402029198986,1.0002408014292077,0.3137676912604258,7.000499432639707e-07,0.640130835472524
387,UNE_TUNE_SEX_AGE_NB,AGE_AGGREGATE_Y25-54,0,SEX_T,1.3592607923666251,1.2222683199759863,0.12548474377164445,0.05219365283676275,0.6965894369321654
388,UNE_TUNE_SEX_AGE_NB,AGE_AGGREGATE_Y25-54,0,SEX_M,0.9303073280305514,1.251750216796678,0.11613800660437436,0.07251189261911428,0.5157209500165616
389,UNE_TUNE_SEX_AGE_NB,AGE_AGGREGATE_Y25-54,0,SEX_F,1.4974261429529983,1.218914150833202,0.09808230427790858,0.12971994407898654,0.9848433859333883
390,UNE_TUNE_SEX_AGE_NB,AGE_AGGREGATE_Y55-64,0,SEX_T,2.3901046852469285,1.1168367303677091,0.3335024714542716,1.2104933631669153e-07,0.43795105026480274
391,UNE_TUNE_SEX_AGE_NB,AGE_AGGREGATE_Y55-64,0,SEX_M,1.5875646379886392,1.140657137860586,0.3395807197862709,6.873452158684131e-08,0.28503239992629625
392,UNE_TUNE_SEX_AGE_NB,AGE_AGGREGATE_Y55-64,0,SEX_F,-1.9051172393577267,1.4261466620063328,-0.12364847376831341,0.0557608460356358,0.9910575516947644
393,UNE_TUNE_SEX_AGE_NB,AGE_AGGREGATE_YGE65,0,SEX_T,12.467854046583819,1.1695520700516375,0.2996851550618321,2.272209576786371e-06,2.5727864860844525
394,UNE_TUNE_SEX_AGE_NB,AGE_AGGREGATE_YGE65,0,SEX_M,9.767112643047982,1.1600209216366033,0.3724022447149036,2.6059184447974702e-09,1.5777813871454636
395,UNE_TUNE_SEX_AGE_NB,AGE_AGGREGATE_YGE65,0,SEX_F,-1.812715639820482,1.3463397227650735,-0.044650015119766504,0.49117123762853954,2.6289737572685485
396,UNE_TUNE_SEX_AGE_NB,AGE_YTHADULT_YGE15,0,SEX_T,2.6097957731965646,1.110116807058961,0.22917106155557182,0.0003442214604354156,0.7185275708453095
397,UNE_TUNE_SEX_AGE_NB,AGE_YTHADULT_YGE15,0,SEX_M,2.009168755498253,1.1523427784086866,0.2204819682440092,0.0005810850863949223,0.5761474269443965
398,UNE_TUNE_SEX_AGE_NB,AGE_YTHADULT_YGE15,0,SEX_F,2.958938673766828,1.0938134648141797,0.2052115758950193,0.0013905040384927373,0.9147513179524922
399,UNE_TUNE_SEX_AGE_NB,AGE_YTHADULT_Y15-64,0,SEX_T,2.4988927234936162,1.1158451327651635,0.22189754708481496,0.0005342950904971309,0.7117744937857168
400,UNE_TUNE_SEX_AGE_NB,AGE_YTHADULT_Y15-64,0,SEX_M,1.897428888915779,1.1593776954259716,0.21153485607998146,0.0009759556840118032,0.5682694339686919
401,UNE_TUNE_SEX_AGE_NB,AGE_YTHADULT_Y15-64,0,SEX_F,2.8795845828682993,1.0960776643062538,0.2009518591553867,0.0017548698560088734,0.9099103493526826
402,UNE_TUNE_SEX_AGE_NB,AGE_YTHADULT_Y15-24,0,SEX_T,3.8354129571123163,0.9568233292478021,0.33861413443042826,7.526883640588089e-08,0.6908340387916972
403,UNE_TUNE_SEX_AGE_NB,AGE_YTHADULT_Y15-24,0,SEX_M,3.794141479490729,0.9700409008852998,0.3374323440810947,8.407252123471051e-08,0.6861030665741138
404,UNE_TUNE_SEX_AGE_NB,AGE_YTHADULT_Y15-24,0,SEX_F,3.263402029198986,1.0002408014292077,0.3137676912604258,7.000499432639707e-07,0.640130835472524
405,UNE_TUNE_SEX_AGE_NB,AGE_YTHADULT_YGE25,0,SEX_T,1.7745792637371598,1.1910826778822703,0.16628375395075468,0.009862921503996579,0.682131882484776
406,UNE_TUNE_SEX_AGE_NB,AGE_YTHADULT_YGE25,0,SEX_M,1.295116535502635,1.2187110740782845,0.1652638218717874,0.010331030653065107,0.5009903119025111
407,UNE_TUNE_SEX_AGE_NB,AGE_YTHADULT_YGE25,0,SEX_F,1.608212234733296,1.2178944375529606,0.10331794241190471,0.11037417927146755,1.0035724138363125
408,UNE_TUNE_SEX_AGE_DUR_NB,AGE_YTHADULT_YGE15,DUR_DETAILS_TOTAL,SEX_T,2.6097996969017667,1.1101163624299732,0.22917038888110797,0.0003442356799729365,0.7185308770920745
409,UNE_TUNE_SEX_AGE_DUR_NB,AGE_YTHADULT_YGE15,DUR_DETAILS_TOTAL,SEX_M,2.009058202051167,1.1523529979546534,0.2204707214931219,0.0005814715618414687,0.5761466154395795
410,UNE_TUNE_SEX_AGE_DUR_NB,AGE_YTHADULT_YGE15,DUR_DETAILS_TOTAL,SEX_F,2.957843616230157,1.0939038151945848,0.20513608497259458,0.0013963069463038703,0.9147640813687864
411,UNE_TUNE_SEX_AGE_DUR_NB,AGE_YTHADULT_YGE15,DUR_DETAILS_MLT1,SEX_T,-6.919212100385203,1.6727341819982382,-0.27271707464100364,1.8327612948708102e-05,1.5822440328749938
412,UNE_TUNE_SEX_AGE_DUR_NB,AGE_YTHADULT_YGE15,DUR_DETAILS_MLT1,SEX_M,-9.675470011339565,1.7850896285050515,-0.3072869324467363,1.2126683377019208e-06,1.942234440053922
413,UNE_TUNE_SEX_AGE_DUR_NB,AGE_YTHADULT_YGE15,DUR_DETAILS_MLT1,SEX_F,-3.9044048834067473,1.5376324808094881,-0.21933979500211634,0.0006215708611569345,1.1257509707172129
414,UNE_TUNE_SEX_AGE_DUR_NB,AGE_YTHADULT_YGE15,DUR_DETAILS_MGE1LT3,SEX_T,-0.8381049737478449,1.3943868143458737,-0.059336009423424735,0.3600672106483286,0.913956933189294
415,UNE_TUNE_SEX_AGE_DUR_NB,AGE_YTHADULT_YGE15,DUR_DETAILS_MGE1LT3,SEX_M,-0.41233545608989236,1.3629564426017386,-0.03142541009896424,0.6280890294517862,0.8500935033359907
416,UNE_TUNE_SEX_AGE_DUR_NB,AGE_YTHADULT_YGE15,DUR_DETAILS_MGE1LT3,SEX_F,-0.9939051815635144,1.4070761750336664,-0.080396935853239,0.21460159843813362,0.7987462937899039
417,UNE_TUNE_SEX_AGE_DUR_NB,AGE_YTHADULT_YGE15,DUR_DETAILS_MGE3LT6,SEX_T,1.0592176848009225,1.2345146532205715,0.13457974309482015,0.03720539583421735,0.505531347187781
418,UNE_TUNE_SEX_AGE_DUR_NB,AGE_YTHADULT_YGE15,DUR_DETAILS_MGE3LT6,SEX_M,0.7133314914002981,1.2637507140126587,0.10487276137845121,0.10508806783125482,0.43846883969333805
419,UNE_TUNE_SEX_AGE_DUR_NB,AGE_YTHADULT_YGE15,DUR_DETAILS_MGE3LT6,SEX_F,1.29510903779895,1.2164272214825071,0.1572917461273292,0.014718432453441633,0.5270744613075792
420,UNE_TUNE_SEX_AGE_DUR_NB,AGE_YTHADULT_YGE15,DUR_DETAILS_MGE6LT12,SEX_T,1.5423655200908122,1.125207614196846,0.43803123013462314,1.1338460039813705e-12,0.20517951724178282
421,UNE_TUNE_SEX_AGE_DUR_NB,AGE_YTHADULT_YGE15,DUR_DETAILS_MGE6LT12,SEX_M,1.2107373785199724,1.1588561057604532,0.37592024282739844,1.7942805329148567e-09,0.19345610401472638
422,UNE_TUNE_SEX_AGE_DUR_NB,AGE_YTHADULT_YGE15,DUR_DETAILS_MGE6LT12,SEX_F,1.7738250208542712,1.1098706936928537,0.48322412493100286,1.9048821576775642e-15,0.20831867072613883
423,UNE_TUNE_SEX_AGE_DUR_NB,AGE_YTHADULT_YGE15,DUR_AGGREGATE_TOTAL,SEX_T,2.6097996969017667,1.1101163624299732,0.22917038888110797,0.0003442356799729365,0.7185308770920745
424,UNE_TUNE_SEX_AGE_DUR_NB,AGE_YTHADULT_YGE15,DUR_AGGREGATE_TOTAL,SEX_M,2.009058202051167,1.1523529979546534,0.2204707214931219,0.0005814715618414687,0.5761466154395795
425,UNE_TUNE_SEX_AGE_DUR_NB,AGE_YTHADULT_YGE15,DUR_AGGREGATE_TOTAL,SEX_F,2.957843616230157,1.0939038151945848,0.20513608497259458,0.0013963069463038703,0.9147640813687864
426,UNE_TUNE_SEX_AGE_DUR_NB,AGE_YTHADULT_YGE15,DUR_AGGREGATE_MLT6,SEX_T,-1.2795817382911288,1.414979453330744,-0.050519815442135727,0.43594369867483884,1.639694261032785
427,UNE_TUNE_SEX_AGE_DUR_NB,AGE_YTHADULT_YGE15,DUR_AGGREGATE_MLT6,SEX_M,0.07307930819145052,1.3276998544791694,0.003295417849811403,0.9594960516043561,1.4374511709022706
428,UNE_TUNE_SEX_AGE_DUR_NB,AGE_YTHADULT_YGE15,DUR_AGGREGATE_MLT6,SEX_F,-2.196003574011176,1.475923442548658,-0.10017129270594329,0.12170895540358813,1.4138761288842177
429,UNE_TUNE_SEX_AGE_DUR_NB,AGE_YTHADULT_YGE15,DUR_AGGREGATE_MGE6LT12,SEX_T,1.5423655200908122,1.125207614196846,0.43803123013462314,1.1338460039813705e-12,0.20517951724178282
430,UNE_TUNE_SEX_AGE_DUR_NB,AGE_YTHADULT_YGE15,DUR_AGGREGATE_MGE6LT12,SEX_M,1.2107373785199724,1.1588561057604532,0.37592024282739844,1.7942805329148567e-09,0.19345610401472638
431,UNE_TUNE_SEX_AGE_DUR_NB,AGE_YTHADULT_YGE15,DUR_AGGREGATE_MGE6LT12,SEX_F,1.7738250208542712,1.1098706936928537,0.48322412493100286,1.9048821576775642e-15,0.20831867072613883
432,UNE_TUNE_SEX_AGE_DUR_NB,AGE_YTHADULT_YGE15,DUR_AGGREGATE_MGE12,SEX_T,0.28171404354726803,1.2652073124490615,0.1463376887949877,0.023363490578119685,0.12344206171209786
433,UNE_TUNE_SEX_AGE_DUR_NB,AGE_YTHADULT_YGE15,DUR_AGGREGATE_MGE12,SEX_M,0.13037077415019022,1.2988007793317669,0.07844459125690684,0.2259796016580609,0.10739607412990457
434,UNE_TUNE_SEX_AGE_DUR_NB,AGE_YTHADULT_YGE15,DUR_AGGREGATE_MGE12,SEX_F,0.565184034390648,1.210521062815385,0.2525395134997427,7.614651343030324e-05,0.14036599366083644
435,UNE_TUN1_SEX_AGE_NB,AGE_AGGREGATE_TOTAL,0,SEX_T,2.682108087651775,1.103587989717857,0.2319441523191164,0.00029002532256945185,0.7291154141324148
436,UNE_TUN1_SEX_AGE_NB,AGE_AGGREGATE_TOTAL,0,SEX_M,2.0656228686446827,1.1470303084681266,0.22365493140054926,0.000481062711508126,0.5835001309033507
437,UNE_TUN1_SEX_AGE_NB,AGE_AGGREGATE_TOTAL,0,SEX_F,3.5833412924343655,1.0447164452080635,0.22303848612174443,0.0004991486919072976,1.0151721669995541
438,UNE_TUN1_SEX_AGE_NB,AGE_AGGREGATE_Y15-24,0,SEX_T,5.2594791004687576,0.8201626400494734,0.3927438404551681,2.828844831346886e-10,0.7983006081936498
439,UNE_TUN1_SEX_AGE_NB,AGE_AGGREGATE_Y15-24,0,SEX_M,4.4184235582410905,0.910473665576522,0.3610634719824697,8.41923108335552e-09,0.739713187493627
440,UNE_TUN1_SEX_AGE_NB,AGE_AGGREGATE_Y15-24,0,SEX_F,6.087438444178459,0.7231051860740945,0.4194218239198694,1.2109680947816544e-11,0.8540458213906772
441,UNE_TUN1_SEX_AGE_NB,AGE_AGGREGATE_Y25-54,0,SEX_T,1.3960794267161616,1.2192635259723827,0.12721567948382367,0.049006766850739784,0.7055665529567973
442,UNE_TUN1_SEX_AGE_NB,AGE_AGGREGATE_Y25-54,0,SEX_M,1.014816690704001,1.2449315938468748,0.12254050361830618,0.05800921477802116,0.5327629455980413
443,UNE_TUN1_SEX_AGE_NB,AGE_AGGREGATE_Y25-54,0,SEX_F,1.6542818955514509,1.207109396436885,0.10102673792830584,0.11854156622554803,1.0559832474055688
444,UNE_TUN1_SEX_AGE_NB,AGE_AGGREGATE_Y55-64,0,SEX_T,2.435255028861269,1.1132740032326323,0.3350843351260829,1.0459353564197311e-07,0.4438533247094977
445,UNE_TUN1_SEX_AGE_NB,AGE_AGGREGATE_Y55-64,0,SEX_M,1.6493362540247896,1.1343406690960887,0.34508355633231924,4.0743976688274836e-08,0.2907796709930781
446,UNE_TUN1_SEX_AGE_NB,AGE_AGGREGATE_Y55-64,0,SEX_F,-2.033569130628211,1.4319889648395312,-0.1279661820288956,0.04767631992293671,1.021621332427666
447,UNE_TUN1_SEX_AGE_NB,AGE_AGGREGATE_YGE65,0,SEX_T,,,,,
448,UNE_TUN1_SEX_AGE_NB,AGE_AGGREGATE_YGE65,0,SEX_M,0.6577459120171312,1.3058101556047905,0.2498449452169717,9.130608097127595e-05,0.16523524957450714
449,UNE_TUN1_SEX_AGE_NB,AGE_AGGREGATE_YGE65,0,SEX_F,,,,,
450,UNE_TUN1_SEX_AGE_NB,AGE_YTHADULT_YGE15,0,SEX_T,2.6821078596702654,1.1035880092288906,0.23194413465341845,0.000290025640984942,0.7291154108463944
451,UNE_TUN1_SEX_AGE_NB,AGE_YTHADULT_YGE15,0,SEX_M,2.065622694793852,1.1470303232985337,0.22365491348023106,0.00048106322833176446,0.5835001310083706
452,UNE_TUN1_SEX_AGE_NB,AGE_YTHADULT_YGE15,0,SEX_F,3.5833410041833123,1.0447164682867707,0.22303847698306017,0.0004991489646370519,1.0151721291098579
453,UNE_TUN1_SEX_AGE_NB,AGE_YTHADULT_Y15-64,0,SEX_T,2.556093732312122,1.111040448451908,0.2229312319163719,0.0005023590506732952,0.7245162427075416
454,UNE_TUN1_SEX_AGE_NB,AGE_YTHADULT_Y15-64,0,SEX_M,1.94843391165888,1.1548362528543366,0.21385574716229197,0.0008548329649976051,0.5769138118836903
455,UNE_TUN1_SEX_AGE_NB,AGE_YTHADULT_Y15-64,0,SEX_F,3.483496103734992,1.0478253830056201,0.21774433418885916,0.0006824999322956332,1.0121209274999303
456,UNE_TUN1_SEX_AGE_NB,AGE_YTHADULT_Y15-24,0,SEX_T,5.2594791004687576,0.8201626400494734,0.3927438404551681,2.828844831346886e-10,0.7983006081936498
457,UNE_TUN1_SEX_AGE_NB,AGE_YTHADULT_Y15-24,0,SEX_M,4.4184235582410905,0.910473665576522,0.3610634719824697,8.41923108335552e-09,0.739713187493627
458,UNE_TUN1_SEX_AGE_NB,AGE_YTHADULT_Y15-24,0,SEX_F,6.087438444178459,0.7231051860740945,0.4194218239198694,1.2109680947816544e-11,0.8540458213906772
459,UNE_TUN1_SEX_AGE_NB,AGE_YTHADULT_YGE25,0,SEX_T,1.8189418616495094,1.1872372712897308,0.1684877902030659,0.008914974401549302,0.6897763659185996
460,UNE_TUN1_SEX_AGE_NB,AGE_YTHADULT_YGE25,0,SEX_M,1.3952277543997347,1.2101486545338203,0.1727868755211144,0.007295679424619377,0.5155420968620368
461,UNE_TUN1_SEX_AGE_NB,AGE_YTHADULT_YGE25,0,SEX_F,1.7902497862860705,1.2049030918582042,0.10799034461002842,0.09509171697294574,1.068299414933107
462,UNE_DEAP_SEX_AGE_RT,AGE_10YRBANDS_TOTAL,0,SEX_T,0.1664446978032774,1.1240758524626557,0.23176471019062864,0.00029327651793800073,0.045284041867887884
463,UNE_DEAP_SEX_AGE_RT,AGE_10YRBANDS_TOTAL,0,SEX_M,0.12950707389159746,1.1694515348066536,0.206364367224372,0.001304592296963318,0.039803396423385914
464,UNE_DEAP_SEX_AGE_RT,AGE_10YRBANDS_TOTAL,0,SEX_F,0.1949754226822287,1.0885223885633506,0.2404319437702529,0.0001694910733340793,0.051023358466234
465,UNE_DEAP_SEX_AGE_RT,AGE_10YRBANDS_Y15-24,0,SEX_T,0.2667979043192241,1.0333954274063588,0.273745237795838,1.699181276930753e-05,0.06076215187607621
466,UNE_DEAP_SEX_AGE_RT,AGE_10YRBANDS_Y15-24,0,SEX_M,0.24353155504009588,1.0634279991928477,0.26487031236648034,3.2329282420514426e-05,0.05746963782981553
467,UNE_DEAP_SEX_AGE_RT,AGE_10YRBANDS_Y15-24,0,SEX_F,0.2541024953198562,1.03988838951356,0.26559746062892137,3.069552297582517e-05,0.05978764060806648
468,UNE_DEAP_SEX_AGE_RT,AGE_10YRBANDS_Y25-34,0,SEX_T,0.1475003354074923,1.156351392932455,0.20842285078026856,0.0011631888780180308,0.044865786608065394
469,UNE_DEAP_SEX_AGE_RT,AGE_10YRBANDS_Y25-34,0,SEX_M,0.07959828235954984,1.2308433242841357,0.14866567985392334,0.0212275815678917,0.03432032485344159
470,UNE_DEAP_SEX_AGE_RT,AGE_10YRBANDS_Y25-34,0,SEX_F,0.23173470023052223,1.0725718052898152,0.24916650118006278,9.554662624478012e-05,0.05838414478680554
471,UNE_DEAP_SEX_AGE_RT,AGE_10YRBANDS_Y35-44,0,SEX_T,0.08952142464797001,1.2242812509074148,0.1319418338716939,0.0411218236076689,0.04359557992577168
472,UNE_DEAP_SEX_AGE_RT,AGE_10YRBANDS_Y35-44,0,SEX_M,0.06770544714249438,1.2509227179524487,0.12167906692428689,0.05980858166017225,0.035799765804756564
473,UNE_DEAP_SEX_AGE_RT,AGE_10YRBANDS_Y35-44,0,SEX_F,0.08988948042494038,1.2216127090067597,0.11560438577251579,0.07384327079748991,0.05006387686545968
474,UNE_DEAP_SEX_AGE_RT,AGE_10YRBANDS_Y45-54,0,SEX_T,0.06673316231881399,1.2484437968630617,0.1144073263836531,0.07690221558663324,0.0375611064707163
475,UNE_DEAP_SEX_AGE_RT,AGE_10YRBANDS_Y45-54,0,SEX_M,0.03670453528595303,1.2864153711595097,0.07031517318560095,0.27793304012857,0.0337524974528745
476,UNE_DEAP_SEX_AGE_RT,AGE_10YRBANDS_Y45-54,0,SEX_F,0.10517387041239035,1.1980372436173528,0.17073257696227975,0.008033496997923738,0.03934405662319222
477,UNE_DEAP_SEX_AGE_RT,AGE_10YRBANDS_Y55-64,0,SEX_T,0.14093016615052373,1.1150222660782265,0.36651592539215716,4.817574899357133e-09,0.023189844421404773
478,UNE_DEAP_SEX_AGE_RT,AGE_10YRBANDS_Y55-64,0,SEX_M,0.10879299509399719,1.1441868243417945,0.33728676132011814,8.52232371026615e-08,0.01968286234464118
479,UNE_DEAP_SEX_AGE_RT,AGE_10YRBANDS_Y55-64,0,SEX_F,0.046298585733863265,1.2826569975725242,0.0766810107267425,0.2366196175281911,0.039022117142646924
480,UNE_DEAP_SEX_AGE_RT,AGE_10YRBANDS_YGE65,0,SEX_T,0.5147444890092825,1.1346807151098723,0.3932194435003775,2.6807852745775803e-10,0.07801782418374588
481,UNE_DEAP_SEX_AGE_RT,AGE_10YRBANDS_YGE65,0,SEX_M,0.4407331821714611,1.1488856053858418,0.42850269638403427,3.882133458249238e-12,0.06023949696696494
482,UNE_DEAP_SEX_AGE_RT,AGE_10YRBANDS_YGE65,0,SEX_F,0.023855073223086963,1.3245439124638383,0.025146803941880225,0.6983120586058369,0.061471260774079675
483,UNE_DEAP_SEX_AGE_RT,AGE_AGGREGATE_TOTAL,0,SEX_T,0.1664446978032774,1.1240758524626557,0.23176471019062864,0.00029327651793800073,0.045284041867887884
484,UNE_DEAP_SEX_AGE_RT,AGE_AGGREGATE_TOTAL,0,SEX_M,0.12950707389159746,1.1694515348066536,0.206364367224372,0.001304592296963318,0.039803396423385914
485,UNE_DEAP_SEX_AGE_RT,AGE_AGGREGATE_TOTAL,0,SEX_F,0.1949754226822287,1.0885223885633506,0.2404319437702529,0.0001694910733340793,0.051023358466234
486,UNE_DEAP_SEX_AGE_RT,AGE_AGGREGATE_Y15-24,0,SEX_T,0.2667979043192241,1.0333954274063588,0.273745237795838,1.699181276930753e-05,0.06076215187607621
487,UNE_DEAP_SEX_AGE_RT,AGE_AGGREGATE_Y15-24,0,SEX_M,0.24353155504009588,1.0634279991928477,0.26487031236648034,3.2329282420514426e-05,0.05746963782981553
488,UNE_DEAP_SEX_AGE_RT,AGE_AGGREGATE_Y15-24,0,SEX_F,0.2541024953198562,1.03988838951356,0.26559746062892137,3.069552297582517e-05,0.05978764060806648
489,UNE_DEAP_SEX_AGE_RT,AGE_AGGREGATE_Y25-54,0,SEX_T,0.10252618512564711,1.2078838096181335,0.15169692272832036,0.01870122427006292,0.0433026199199007
490,UNE_DEAP_SEX_AGE_RT,AGE_AGGREGATE_Y25-54,0,SEX_M,0.06554906790576112,1.2507157123428567,0.11959008133045457,0.0643636601878994,0.035274012559602476
491,UNE_DEAP_SEX_AGE_RT,AGE_AGGREGATE_Y25-54,0,SEX_F,0.14645342150027446,1.1576348459296963,0.17618307506587907,0.006207659771225436,0.053039531083418724
492,UNE_DEAP_SEX_AGE_RT,AGE_AGGREGATE_Y55-64,0,SEX_T,0.14093016615052373,1.1150222660782265,0.36651592539215716,4.817574899357133e-09,0.023189844421404773
493,UNE_DEAP_SEX_AGE_RT,AGE_AGGREGATE_Y55-64,0,SEX_M,0.10879299509399719,1.1441868243417945,0.33728676132011814,8.52232371026615e-08,0.01968286234464118
494,UNE_DEAP_SEX_AGE_RT,AGE_AGGREGATE_Y55-64,0,SEX_F,0.046298585733863265,1.2826569975725242,0.0766810107267425,0.2366196175281911,0.039022117142646924
495,UNE_DEAP_SEX_AGE_RT,AGE_AGGREGATE_YGE65,0,SEX_T,0.5147444890092825,1.1346807151098723,0.3932194435003775,2.6807852745775803e-10,0.07801782418374588
496,UNE_DEAP_SEX_AGE_RT,AGE_AGGREGATE_YGE65,0,SEX_M,0.4407331821714611,1.1488856053858418,0.42850269638403427,3.882133458249238e-12,0.06023949696696494
497,UNE_DEAP_SEX_AGE_RT,AGE_AGGREGATE_YGE65,0,SEX_F,0.023855073223086963,1.3245439124638383,0.025146803941880225,0.6983120586058369,0.061471260774079675
498,UNE_DEAP_SEX_AGE_RT,AGE_YTHADULT_YGE15,0,SEX_T,0.1664446978032774,1.1240758524626557,0.23176471019062864,0.00029327651793800073,0.045284041867887884
499,UNE_DEAP_SEX_AGE_RT,AGE_YTHADULT_YGE15,0,SEX_M,0.12950707389159746,1.1694515348066536,0.206364367224372,0.001304592296963318,0.039803396423385914
500,UNE_DEAP_SEX_AGE_RT,AGE_YTHADULT_YGE15,0,SEX_F,0.1949754226822287,1.0885223885633506,0.2404319437702529,0.0001694910733340793,0.051023358466234
501,UNE_DEAP_SEX_AGE_RT,AGE_YTHADULT_Y15-64,0,SEX_T,0.1607627894062595,1.1309677268048302,0.22318245856181962,0.000494869151913964,0.045513698808705476
502,UNE_DEAP_SEX_AGE_RT,AGE_YTHADULT_Y15-64,0,SEX_M,0.12367085358150717,1.1762181927486746,0.19736593484583548,0.0021270843299089947,0.03981795274861481
503,UNE_DEAP_SEX_AGE_RT,AGE_YTHADULT_Y15-64,0,SEX_F,0.1927414074590116,1.0917227358183264,0.23620107741422383,0.00022206785583335132,0.05139711627128529
504,UNE_DEAP_SEX_AGE_RT,AGE_YTHADULT_Y15-24,0,SEX_T,0.2667979043192241,1.0333954274063588,0.273745237795838,1.699181276930753e-05,0.06076215187607621
505,UNE_DEAP_SEX_AGE_RT,AGE_YTHADULT_Y15-24,0,SEX_M,0.24353155504009588,1.0634279991928477,0.26487031236648034,3.2329282420514426e-05,0.05746963782981553
506,UNE_DEAP_SEX_AGE_RT,AGE_YTHADULT_Y15-24,0,SEX_F,0.2541024953198562,1.03988838951356,0.26559746062892137,3.069552297582517e-05,0.05978764060806648
507,UNE_DEAP_SEX_AGE_RT,AGE_YTHADULT_YGE25,0,SEX_T,0.12437601179359836,1.1789022254950305,0.1926814735149356,0.002721471673426362,0.04105753628393182
508,UNE_DEAP_SEX_AGE_RT,AGE_YTHADULT_YGE25,0,SEX_M,0.08739817192708828,1.220526427344367,0.16574058096677663,0.010109825342834469,0.03370827515094065
509,UNE_DEAP_SEX_AGE_RT,AGE_YTHADULT_YGE25,0,SEX_F,0.1506218988705212,1.1535031733161936,0.18675889827905998,0.0036873140746566616,0.05135813504911064
510,UNE_DEA1_SEX_AGE_RT,AGE_AGGREGATE_TOTAL,0,SEX_T,0.16810350783076414,1.1216247353304616,0.23216587478899858,0.000286054417161767,0.04565183153544222
511,UNE_DEA1_SEX_AGE_RT,AGE_AGGREGATE_TOTAL,0,SEX_M,0.13247514049296993,1.1655202261353201,0.2080572402386586,0.0011872277586162834,0.040369533358975154
512,UNE_DEA1_SEX_AGE_RT,AGE_AGGREGATE_TOTAL,0,SEX_F,0.22207589204700864,1.0558912928098725,0.25524723796659776,6.331906550663086e-05,0.054528378577182256
513,UNE_DEA1_SEX_AGE_RT,AGE_AGGREGATE_Y15-24,0,SEX_T,0.293334858983051,1.0034981648334207,0.2867869607181716,6.335069674739221e-06,0.0635153593049316
514,UNE_DEA1_SEX_AGE_RT,AGE_AGGREGATE_Y15-24,0,SEX_M,0.25350312858035046,1.0513104561309514,0.26998589467122897,2.2375295628780213e-05,0.05860286443679457
515,UNE_DEA1_SEX_AGE_RT,AGE_AGGREGATE_Y15-24,0,SEX_F,0.3392107024756881,0.9452141182448333,0.3032189165259189,1.700729740169101e-06,0.06910057156597552
516,UNE_DEA1_SEX_AGE_RT,AGE_AGGREGATE_Y25-54,0,SEX_T,0.10445903506963618,1.2054092655691466,0.153479725635709,0.01734090420821733,0.04359434750813071
517,UNE_DEA1_SEX_AGE_RT,AGE_AGGREGATE_Y25-54,0,SEX_M,0.06982493994069791,1.2458449181900975,0.12355702840509923,0.05594364026159,0.036350804693378806
518,UNE_DEA1_SEX_AGE_RT,AGE_AGGREGATE_Y25-54,0,SEX_F,0.15706725340900685,1.1450384508289313,0.1802667189417354,0.0050931349957631725,0.05555305938669768
519,UNE_DEA1_SEX_AGE_RT,AGE_AGGREGATE_Y55-64,0,SEX_T,0.14303430346414464,1.112314842305221,0.36759228808060884,4.309527965236163e-09,0.023456447345397823
520,UNE_DEA1_SEX_AGE_RT,AGE_AGGREGATE_Y55-64,0,SEX_M,0.11279618728870004,1.1384048311066528,0.34228133818665024,5.324327256517261e-08,0.020070795157954388
521,UNE_DEA1_SEX_AGE_RT,AGE_AGGREGATE_Y55-64,0,SEX_F,0.04835146815318681,1.2807526603145212,0.0776718301112994,0.23059929147690195,0.04022940884698422
522,UNE_DEA1_SEX_AGE_RT,AGE_YTHADULT_YGE15,0,SEX_T,0.1681038930347012,1.1216242328595403,0.23216645502465807,0.00028604409224232576,0.04565181555066318
523,UNE_DEA1_SEX_AGE_RT,AGE_YTHADULT_YGE15,0,SEX_M,0.13247501312441765,1.1655204168968696,0.20805696393282014,0.0011872460969345779,0.04036955058322227
524,UNE_DEA1_SEX_AGE_RT,AGE_YTHADULT_YGE15,0,SEX_F,0.22207565592439643,1.0558916012782833,0.2552469078872303,6.332049729948e-05,0.054528396028823034
525,UNE_DEA1_SEX_AGE_RT,AGE_YTHADULT_Y15-64,0,SEX_T,0.1627009923413034,1.1286031178910156,0.22337104591587764,0.0004893148712438128,0.04602149612926141
526,UNE_DEA1_SEX_AGE_RT,AGE_YTHADULT_Y15-64,0,SEX_M,0.12736331042458143,1.1716539691672954,0.19998269261422436,0.0018491071360930088,0.040448333310577296
527,UNE_DEA1_SEX_AGE_RT,AGE_YTHADULT_Y15-64,0,SEX_F,0.21759430865489532,1.0617885007811387,0.24852778493574493,9.97071201604422e-05,0.054971764068373764
528,UNE_DEA1_SEX_AGE_RT,AGE_YTHADULT_Y15-24,0,SEX_T,0.293334858983051,1.0034981648334207,0.2867869607181716,6.335069674739221e-06,0.0635153593049316
529,UNE_DEA1_SEX_AGE_RT,AGE_YTHADULT_Y15-24,0,SEX_M,0.25350312858035046,1.0513104561309514,0.26998589467122897,2.2375295628780213e-05,0.05860286443679457
530,UNE_DEA1_SEX_AGE_RT,AGE_YTHADULT_Y15-24,0,SEX_F,0.3392107024756881,0.9452141182448333,0.3032189165259189,1.700729740169101e-06,0.06910057156597552
531,EIP_TEIP_SEX_AGE_NB,AGE_10YRBANDS_TOTAL,0,SEX_T,1.0963915356546725,1.2477771706657752,0.011062298373870369,0.8646272561045845,6.423995861335511
532,EIP_TEIP_SEX_AGE_NB,AGE_10YRBANDS_TOTAL,0,SEX_M,-11.86515648431709,2.2502079927075838,-0.14904506474094062,0.02089601995408397,5.102572725815761
533,EIP_TEIP_SEX_AGE_NB,AGE_10YRBANDS_TOTAL,0,SEX_F,11.504580331682241,0.4454847912980159,0.12066494410391947,0.06198557495880589,6.135024104414883
534,EIP_TEIP_SEX_AGE_NB,AGE_10YRBANDS_Y15-24,0,SEX_T,8.979985385332764,0.7494461638858905,0.394972037573116,2.1973864789274815e-10,1.353914612214614
535,EIP_TEIP_SEX_AGE_NB,AGE_10YRBANDS_Y15-24,0,SEX_M,6.818964051613387,0.8723781170112901,0.37909320287882525,1.2765722970956766e-09,1.0789316691378308
536,EIP_TEIP_SEX_AGE_NB,AGE_10YRBANDS_Y15-24,0,SEX_F,11.182931971595556,0.6286963086927498,0.4098942692615454,3.853267595972338e-11,1.613071235060424
537,EIP_TEIP_SEX_AGE_NB,AGE_10YRBANDS_Y25-34,0,SEX_T,-6.442115466913832,1.8657118209445946,-0.1620131482606272,0.011956682735480091,2.5433954391118205
538,EIP_TEIP_SEX_AGE_NB,AGE_10YRBANDS_Y25-34,0,SEX_M,-15.130635492368471,2.4512590564053998,-0.5607282525196167,2.8300191119171024e-21,1.4482599922539168
539,EIP_TEIP_SEX_AGE_NB,AGE_10YRBANDS_Y25-34,0,SEX_F,-0.2248287871088696,1.351593004597702,-0.005867172211056951,0.9279534045273756,2.4838600834359545
540,EIP_TEIP_SEX_AGE_NB,AGE_10YRBANDS_Y35-44,0,SEX_T,-8.611391757715078,2.0110851130981455,-0.11374866265236676,0.07862864204917783,4.875404105485622
541,EIP_TEIP_SEX_AGE_NB,AGE_10YRBANDS_Y35-44,0,SEX_M,-15.99342743271202,2.5144933576138566,-0.4540174454601328,1.316645288087392e-13,2.0344860509567866
542,EIP_TEIP_SEX_AGE_NB,AGE_10YRBANDS_Y35-44,0,SEX_F,5.645898801721601,0.8789736227863254,0.09180020215927036,0.156268723143904,3.9697509289880113
543,EIP_TEIP_SEX_AGE_NB,AGE_10YRBANDS_Y45-54,0,SEX_T,8.635661235476896,0.6614635127757562,0.37098691420589724,3.024252832888336e-09,1.4011835263205266
544,EIP_TEIP_SEX_AGE_NB,AGE_10YRBANDS_Y45-54,0,SEX_M,10.049787238598032,0.5838763734241048,0.38055106398414124,1.0903885103578615e-09,1.5830128551024607
545,EIP_TEIP_SEX_AGE_NB,AGE_10YRBANDS_Y45-54,0,SEX_F,7.466534072225709,0.7419238769276787,0.34613557368538883,3.6825031144299375e-08,1.3118150005251292
546,EIP_TEIP_SEX_AGE_NB,AGE_10YRBANDS_Y55-64,0,SEX_T,-3.136932525420512,1.6135676624659088,-0.07409302246197433,0.2528626819102646,2.736806001870506
547,EIP_TEIP_SEX_AGE_NB,AGE_10YRBANDS_Y55-64,0,SEX_M,-6.547334671146145,1.9015642186513335,-0.18447724981429697,0.004135436785363967,2.2610733378450387
548,EIP_TEIP_SEX_AGE_NB,AGE_10YRBANDS_Y55-64,0,SEX_F,0.2700159735882302,1.307745294655724,0.00591425655006723,0.927376810022922,2.959328817305126
549,EIP_TEIP_SEX_AGE_NB,AGE_10YRBANDS_YGE65,0,SEX_T,-37.20701953774798,4.212563839614478,-0.5669293841115315,8.265986473588589e-22,3.5043825395558588
550,EIP_TEIP_SEX_AGE_NB,AGE_10YRBANDS_YGE65,0,SEX_M,-33.846140361755,4.107911111032091,-0.5919029473880918,4.431764526061667e-24,2.9875156746794653
551,EIP_TEIP_SEX_AGE_NB,AGE_10YRBANDS_YGE65,0,SEX_F,-39.82747323420984,4.293377815758408,-0.5438829537695071,7.057868154431207e-20,3.983218827768393
552,EIP_TEIP_SEX_AGE_NB,AGE_AGGREGATE_TOTAL,0,SEX_T,1.0963915356546725,1.2477771706657752,0.011062298373870369,0.8646272561045845,6.423995861335511
553,EIP_TEIP_SEX_AGE_NB,AGE_AGGREGATE_TOTAL,0,SEX_M,-11.86515648431709,2.2502079927075838,-0.14904506474094062,0.02089601995408397,5.102572725815761
554,EIP_TEIP_SEX_AGE_NB,AGE_AGGREGATE_TOTAL,0,SEX_F,11.504580331682241,0.4454847912980159,0.12066494410391947,0.06198557495880589,6.135024104414883
555,EIP_TEIP_SEX_AGE_NB,AGE_AGGREGATE_Y15-24,0,SEX_T,8.979985385332764,0.7494461638858905,0.394972037573116,2.1973864789274815e-10,1.353914612214614
556,EIP_TEIP_SEX_AGE_NB,AGE_AGGREGATE_Y15-24,0,SEX_M,6.818964051613387,0.8723781170112901,0.37909320287882525,1.2765722970956766e-09,1.0789316691378308
557,EIP_TEIP_SEX_AGE_NB,AGE_AGGREGATE_Y15-24,0,SEX_F,11.182931971595556,0.6286963086927498,0.4098942692615454,3.853267595972338e-11,1.613071235060424
558,EIP_TEIP_SEX_AGE_NB,AGE_AGGREGATE_Y25-54,0,SEX_T,5.7430716425981725,0.8763785632265497,0.1337790717361654,0.03835931852455784,2.7576943637498843
559,EIP_TEIP_SEX_AGE_NB,AGE_AGGREGATE_Y25-54,0,SEX_M,-13.566122439228936,2.3287193650415174,-0.2769106898507706,1.34344389871401e-05,3.0514324775132184
560,EIP_TEIP_SEX_AGE_NB,AGE_AGGREGATE_Y25-54,0,SEX_F,7.53138860360274,0.7195391873514188,0.19974805790429168,0.0018726059431297358,2.39476228050839
561,EIP_TEIP_SEX_AGE_NB,AGE_AGGREGATE_Y55-64,0,SEX_T,-3.136932525420512,1.6135676624659088,-0.07409302246197433,0.2528626819102646,2.736806001870506
562,EIP_TEIP_SEX_AGE_NB,AGE_AGGREGATE_Y55-64,0,SEX_M,-6.547334671146145,1.9015642186513335,-0.18447724981429697,0.004135436785363967,2.2610733378450387
563,EIP_TEIP_SEX_AGE_NB,AGE_AGGREGATE_Y55-64,0,SEX_F,0.2700159735882302,1.307745294655724,0.00591425655006723,0.927376810022922,2.959328817305126
564,EIP_TEIP_SEX_AGE_NB,AGE_AGGREGATE_YGE65,0,SEX_T,-37.20701953774798,4.212563839614478,-0.5669293841115315,8.265986473588589e-22,3.5043825395558588
565,EIP_TEIP_SEX_AGE_NB,AGE_AGGREGATE_YGE65,0,SEX_M,-33.846140361755,4.107911111032091,-0.5919029473880918,4.431764526061667e-24,2.9875156746794653
566,EIP_TEIP_SEX_AGE_NB,AGE_AGGREGATE_YGE65,0,SEX_F,-39.82747323420984,4.293377815758408,-0.5438829537695071,7.057868154431207e-20,3.983218827768393
567,EIP_TEIP_SEX_AGE_NB,AGE_YTHADULT_YGE15,0,SEX_T,1.0963911743001917,1.247777198564929,0.011062294755390799,0.8646272999603605,6.4239958456284585
568,EIP_TEIP_SEX_AGE_NB,AGE_YTHADULT_YGE15,0,SEX_M,-11.865157648471461,2.2502080825381134,-0.14904507896420008,0.02089600760829357,5.102572728459193
569,EIP_TEIP_SEX_AGE_NB,AGE_YTHADULT_YGE15,0,SEX_F,11.504580331682241,0.4454847912980159,0.12066494410391947,0.06198557495880589,6.135024104414883
570,EIP_TEIP_SEX_AGE_NB,AGE_YTHADULT_Y15-64,0,SEX_T,10.526237189248143,0.518916034872833,0.2546351868201014,6.602694367247269e-05,2.591250696823469
571,EIP_TEIP_SEX_AGE_NB,AGE_YTHADULT_Y15-64,0,SEX_M,6.5352627278870346,0.8471114377526416,0.17967197103601504,0.005243384073457284,2.3193625832028477
572,EIP_TEIP_SEX_AGE_NB,AGE_YTHADULT_Y15-64,0,SEX_F,11.43766633571682,0.4296006051036514,0.2742523528171914,1.6367430568800433e-05,2.5996753888182247
573,EIP_TEIP_SEX_AGE_NB,AGE_YTHADULT_Y15-24,0,SEX_T,8.979985385332764,0.7494461638858905,0.394972037573116,2.1973864789274815e-10,1.353914612214614
574,EIP_TEIP_SEX_AGE_NB,AGE_YTHADULT_Y15-24,0,SEX_M,6.818964051613387,0.8723781170112901,0.37909320287882525,1.2765722970956766e-09,1.0789316691378308
575,EIP_TEIP_SEX_AGE_NB,AGE_YTHADULT_Y15-24,0,SEX_F,11.182931971595556,0.6286963086927498,0.4098942692615454,3.853267595972338e-11,1.613071235060424
576,EIP_TEIP_SEX_AGE_NB,AGE_YTHADULT_YGE25,0,SEX_T,-61.28313215639825,6.2399617440994355,-0.46620881260822167,2.359525862206304e-14,7.537990906399918
577,EIP_TEIP_SEX_AGE_NB,AGE_YTHADULT_YGE25,0,SEX_M,-70.12792302501761,6.9857504155543175,-0.7528738984276971,3.9696000385245327e-45,3.9738814183524305
578,EIP_TEIP_SEX_AGE_NB,AGE_YTHADULT_YGE25,0,SEX_F,-15.479327950908402,2.5669574048033033,-0.13543404498306794,0.036006698580235454,7.340333536457573
579,EIP_DWAP_SEX_AGE_RT,AGE_10YRBANDS_TOTAL,0,SEX_T,0.3096691493939243,0.998136821439413,0.05669673323001927,0.3818678175463234,0.3534697705544376
580,EIP_DWAP_SEX_AGE_RT,AGE_10YRBANDS_TOTAL,0,SEX_M,-0.6818108641541532,2.054006636936487,-0.1352220773741928,0.03630102246042194,0.3238325846426822
581,EIP_DWAP_SEX_AGE_RT,AGE_10YRBANDS_TOTAL,0,SEX_F,0.8854562283876539,0.3578935126582523,0.18023377162634158,0.0051013560780772,0.3132358618325934
582,EIP_DWAP_SEX_AGE_RT,AGE_10YRBANDS_Y15-24,0,SEX_T,0.43918630731670055,0.9705227359552684,0.2257040988905514,0.0004252151925690699,0.12287602854452975
583,EIP_DWAP_SEX_AGE_RT,AGE_10YRBANDS_Y15-24,0,SEX_M,0.3611875079657388,1.0265521375641296,0.23317672787185742,0.0002685838388534432,0.09763810496605249
584,EIP_DWAP_SEX_AGE_RT,AGE_10YRBANDS_Y15-24,0,SEX_F,0.5206315238596743,0.9119179496542502,0.22391656828313602,0.0004735716873914993,0.14688784713380287
585,EIP_DWAP_SEX_AGE_RT,AGE_10YRBANDS_Y25-34,0,SEX_T,0.5393363908542196,0.7089353879513584,0.20031326070559521,0.001816457221058389,0.17098924506521773
586,EIP_DWAP_SEX_AGE_RT,AGE_10YRBANDS_Y25-34,0,SEX_M,-0.9103880964501482,2.265494772305087,-0.4177743221094473,1.483182338025714e-11,0.1283351373289867
587,EIP_DWAP_SEX_AGE_RT,AGE_10YRBANDS_Y25-34,0,SEX_F,0.8237976792344402,0.3452973126653437,0.35026668221688134,2.4666302917063644e-08,0.14279421113507862
588,EIP_DWAP_SEX_AGE_RT,AGE_10YRBANDS_Y35-44,0,SEX_T,-0.01792586365359747,1.353217943637137,-0.005778713715651172,0.9290367681006386,0.20107273224357491
589,EIP_DWAP_SEX_AGE_RT,AGE_10YRBANDS_Y35-44,0,SEX_M,-1.376692100903328,2.8137958055757046,-0.49986108683438074,1.4155738913832497e-16,0.15462149026974992
590,EIP_DWAP_SEX_AGE_RT,AGE_10YRBANDS_Y35-44,0,SEX_F,0.31839663530638473,0.9522801837092014,0.13167630756956253,0.041534598948391115,0.15537254831620784
591,EIP_DWAP_SEX_AGE_RT,AGE_10YRBANDS_Y45-54,0,SEX_T,0.5278047858720833,0.7406309951140415,0.26304091917897887,3.681013698049402e-05,0.1254850330972922
592,EIP_DWAP_SEX_AGE_RT,AGE_10YRBANDS_Y45-54,0,SEX_M,0.5055676617375402,0.8030624697333315,0.2003808336314989,0.0018098482575800987,0.16022701914421714
593,EIP_DWAP_SEX_AGE_RT,AGE_10YRBANDS_Y45-54,0,SEX_F,0.46228533345058626,0.7904346147101857,0.280547713347547,1.0219729811963685e-05,0.1025212244461995
594,EIP_DWAP_SEX_AGE_RT,AGE_10YRBANDS_Y55-64,0,SEX_T,0.043473899041954644,1.2782944408262145,0.012222706173254562,0.8505852045861482,0.2305368205156128
595,EIP_DWAP_SEX_AGE_RT,AGE_10YRBANDS_Y55-64,0,SEX_M,-0.5356303313298484,1.9477180194076007,-0.16167591055149613,0.012137599197879734,0.21192384877528844
596,EIP_DWAP_SEX_AGE_RT,AGE_10YRBANDS_Y55-64,0,SEX_F,0.3971238886433554,0.803940996231154,0.12127324741697419,0.06067206020629441,0.2106954617561535
597,EIP_DWAP_SEX_AGE_RT,AGE_10YRBANDS_YGE65,0,SEX_T,-14.29655706879105,16.774481460143132,-0.42908610651792506,3.6043045301997927e-12,1.9508012964544472
598,EIP_DWAP_SEX_AGE_RT,AGE_10YRBANDS_YGE65,0,SEX_M,-12.126891625271996,14.583714412613919,-0.43850984609509414,1.0647863282557294e-12,1.611050524220974
599,EIP_DWAP_SEX_AGE_RT,AGE_10YRBANDS_YGE65,0,SEX_F,-8.23088002388621,10.177322844993498,-0.30873477988238746,1.0738067545773547e-06,1.6436918860901533
600,EIP_DWAP_SEX_AGE_RT,AGE_AGGREGATE_TOTAL,0,SEX_T,0.3096691493939243,0.998136821439413,0.05669673323001927,0.3818678175463234,0.3534697705544376
601,EIP_DWAP_SEX_AGE_RT,AGE_AGGREGATE_TOTAL,0,SEX_M,-0.6818108641541532,2.054006636936487,-0.1352220773741928,0.03630102246042194,0.3238325846426822
602,EIP_DWAP_SEX_AGE_RT,AGE_AGGREGATE_TOTAL,0,SEX_F,0.8854562283876539,0.3578935126582523,0.18023377162634158,0.0051013560780772,0.3132358618325934
603,EIP_DWAP_SEX_AGE_RT,AGE_AGGREGATE_Y15-24,0,SEX_T,0.43918630731670055,0.9705227359552684,0.2257040988905514,0.0004252151925690699,0.12287602854452975
604,EIP_DWAP_SEX_AGE_RT,AGE_AGGREGATE_Y15-24,0,SEX_M,0.3611875079657388,1.0265521375641296,0.23317672787185742,0.0002685838388534432,0.09763810496605249
605,EIP_DWAP_SEX_AGE_RT,AGE_AGGREGATE_Y15-24,0,SEX_F,0.5206315238596743,0.9119179496542502,0.22391656828313602,0.0004735716873914993,0.14688784713380287
606,EIP_DWAP_SEX_AGE_RT,AGE_AGGREGATE_Y25-54,0,SEX_T,0.47314205680602495,0.7902513831366486,0.1846752333289671,0.004094691688063881,0.16321474490810825
607,EIP_DWAP_SEX_AGE_RT,AGE_AGGREGATE_Y25-54,0,SEX_M,-0.7376705981313817,2.1039100242439877,-0.23026399645372567,0.00032182568319371696,0.20207752538930854
608,EIP_DWAP_SEX_AGE_RT,AGE_AGGREGATE_Y25-54,0,SEX_F,0.5668558860570451,0.6580885753002067,0.26376976143443953,3.495892421567734e-05,0.1343692771293344
609,EIP_DWAP_SEX_AGE_RT,AGE_AGGREGATE_Y55-64,0,SEX_T,0.043473899041954644,1.2782944408262145,0.012222706173254562,0.8505852045861482,0.2305368205156128
610,EIP_DWAP_SEX_AGE_RT,AGE_AGGREGATE_Y55-64,0,SEX_M,-0.5356303313298484,1.9477180194076007,-0.16167591055149613,0.012137599197879734,0.21192384877528844
611,EIP_DWAP_SEX_AGE_RT,AGE_AGGREGATE_Y55-64,0,SEX_F,0.3971238886433554,0.803940996231154,0.12127324741697419,0.06067206020629441,0.2106954617561535
612,EIP_DWAP_SEX_AGE_RT,AGE_AGGREGATE_YGE65,0,SEX_T,-14.29655706879105,16.774481460143132,-0.42908610651792506,3.6043045301997927e-12,1.9508012964544472
613,EIP_DWAP_SEX_AGE_RT,AGE_AGGREGATE_YGE65,0,SEX_M,-12.126891625271996,14.583714412613919,-0.43850984609509414,1.0647863282557294e-12,1.611050524220974
614,EIP_DWAP_SEX_AGE_RT,AGE_AGGREGATE_YGE65,0,SEX_F,-8.23088002388621,10.177322844993498,-0.30873477988238746,1.0738067545773547e-06,1.6436918860901533
615,EIP_DWAP_SEX_AGE_RT,AGE_YTHADULT_YGE15,0,SEX_T,0.3096691493939243,0.998136821439413,0.05669673323001927,0.3818678175463234,0.3534697705544376
616,EIP_DWAP_SEX_AGE_RT,AGE_YTHADULT_YGE15,0,SEX_M,-0.6818108641541532,2.054006636936487,-0.1352220773741928,0.03630102246042194,0.3238325846426822
617,EIP_DWAP_SEX_AGE_RT,AGE_YTHADULT_YGE15,0,SEX_F,0.8854562283876539,0.3578935126582523,0.18023377162634158,0.0051013560780772,0.3132358618325934
618,EIP_DWAP_SEX_AGE_RT,AGE_YTHADULT_Y15-64,0,SEX_T,0.5832566438767669,0.7018506116473011,0.21153764018866897,0.0009758013720461464,0.1746797248619727
619,EIP_DWAP_SEX_AGE_RT,AGE_YTHADULT_Y15-64,0,SEX_M,0.31704342491491755,1.0088988827559193,0.12334153393932183,0.05637636374893584,0.1653453748467041
620,EIP_DWAP_SEX_AGE_RT,AGE_YTHADULT_Y15-64,0,SEX_F,0.6602253777732865,0.5903915912034574,0.25132784937280306,8.264455074132489e-05,0.1648141574284571
621,EIP_DWAP_SEX_AGE_RT,AGE_YTHADULT_Y15-24,0,SEX_T,0.43918630731670055,0.9705227359552684,0.2257040988905514,0.0004252151925690699,0.12287602854452975
622,EIP_DWAP_SEX_AGE_RT,AGE_YTHADULT_Y15-24,0,SEX_M,0.3611875079657388,1.0265521375641296,0.23317672787185742,0.0002685838388534432,0.09763810496605249
623,EIP_DWAP_SEX_AGE_RT,AGE_YTHADULT_Y15-24,0,SEX_F,0.5206315238596743,0.9119179496542502,0.22391656828313602,0.0004735716873914993,0.14688784713380287
624,EIP_DWAP_SEX_AGE_RT,AGE_YTHADULT_YGE25,0,SEX_T,-0.322737500699839,1.7010155431573786,-0.047480855919681514,0.46408128959455786,0.44010096157938067
625,EIP_DWAP_SEX_AGE_RT,AGE_YTHADULT_YGE25,0,SEX_M,-4.099794040426081,5.936410953276438,-0.5744533772799979,1.79266010365014e-22,0.3786668184368531
626,EIP_DWAP_SEX_AGE_RT,AGE_YTHADULT_YGE25,0,SEX_F,0.9688809061385093,0.20589944850906394,0.18989885002557344,0.0031423055582899227,0.32470145201080214
